{
  "AllPlanetData": {
    "Status": "Pass",
    "Payload": {
      "AllPlanetData": [
        {
          "Sun": {
            "BouncBackInputPlanet": "Sun",
            "GetAllMaleficPlanetsAspecting": [
              "Mars"
            ],
            "HousePlanetOccupiesBasedOnLongitudes": "House3",
            "HousePlanetOccupiesBasedOnSign": "House3",
            "HousesInAspect": "House9",
            "HousesOwnedByPlanet": "House2",
            "IsPlanetAspectedByBeneficPlanets": "False",
            "IsPlanetAspectedByEnemyPlanets": "False",
            "IsPlanetAspectedByFriendPlanets": "False",
            "IsPlanetAspectedByMaleficPlanets": "True",
            "IsPlanetBenefic": "False",
            "IsPlanetBeneficToLagna": "False",
            "IsPlanetCombust": "False",
            "IsPlanetConjunctWithBeneficPlanets": "False",
            "IsPlanetConjunctWithEnemyPlanets": "False",
            "IsPlanetConjunctWithFriendPlanets": "False",
            "IsPlanetConjunctWithMaleficPlanets": "False",
            "IsPlanetDebilitated": "False",
            "IsPlanetExaltedDegree": "False",
            "IsPlanetExaltedSign": "False",
            "IsPlanetInEnemyHouse": "False",
            "IsPlanetInEnemySign": "False",
            "IsPlanetInFriendHouse": "True",
            "IsPlanetInFriendSign": "True",
            "IsPlanetInGarvitaAvasta": "False",
            "IsPlanetInKendra": "False",
            "IsPlanetInKshobhitaAvasta": "False",
            "IsPlanetInKshuditaAvasta": "False",
            "IsPlanetInLajjitaAvasta": "False",
            "IsPlanetInMoolatrikona": "False",
            "IsPlanetInMuditaAvasta": "True",
            "IsPlanetInOwnHouse": "False",
            "IsPlanetInOwnSign": "False",
            "IsPlanetInTrashitaAvasta": "False",
            "IsPlanetInTrikona": "False",
            "IsPlanetInUpachaya": "True",
            "IsPlanetInWaterySign": "False",
            "IsPlanetMalefic": "True",
            "IsPlanetMaleficToLagna": "False",
            "IsPlanetMarakaToLagna": "False",
            "IsPlanetRetrograde": "False",
            "IsPlanetStrongInShadbala": "False",
            "IsPlanetYogakarakaToLagna": "False",
            "PlanetAbdaBala": "0",
            "PlanetAkshavedamshaD45Sign": {
              "Name": "Pisces",
              "DegreesIn": {
                "DegreeMinuteSecond": "23° 18' 45",
                "TotalDegrees": "23.3125"
              }
            },
            "PlanetAvasta": "MuditaDelighted",
            "PlanetAyanaBala": "63.6557787378735",
            "PlanetBhamshaD27Sign": {
              "Name": "Virgo",
              "DegreesIn": {
                "DegreeMinuteSecond": "7° 59' 15",
                "TotalDegrees": "7.9875"
              }
            },
            "PlanetChaturthamshaD4Sign": {
              "Name": "Virgo",
              "DegreesIn": {
                "DegreeMinuteSecond": "10° 4' 20",
                "TotalDegrees": "10.072222222222223"
              }
            },
            "PlanetChaturvimshamshaD24Sign": {
              "Name": "Virgo",
              "DegreesIn": {
                "DegreeMinuteSecond": "0° 26' 0",
                "TotalDegrees": "0.43333333333333335"
              }
            },
            "PlanetConstellation": "Uttara - 2",
            "PlanetDasaNature": "Good",
            "PlanetDashamamshaD10Sign": {
              "Name": "Taurus",
              "DegreesIn": {
                "DegreeMinuteSecond": "25° 10' 50",
                "TotalDegrees": "25.180555555555557"
              }
            },
            "PlanetDeclination": "1.4623114951493965",
            "PlanetDigBala": "11.36037037037037",
            "PlanetDrekkanaBala": "15",
            "PlanetDrekkanaD3Sign": {
              "Name": "Virgo",
              "DegreesIn": {
                "DegreeMinuteSecond": "7° 33' 15",
                "TotalDegrees": "7.554166666666666"
              }
            },
            "PlanetDrikBala": "-38.823611111111106",
            "PlanetDwadashamshaD12Sign": {
              "Name": "Libra",
              "DegreesIn": {
                "DegreeMinuteSecond": "0° 13' 0",
                "TotalDegrees": "0.21666666666666667"
              }
            },
            "PlanetDwadashamshaSignOLD": "Libra",
            "PlanetEphemerisLongitude": {
              "DegreeMinuteSecond": "176° 25' 24",
              "TotalDegrees": "176.42333333333335"
            },
            "PlanetHoraBala": "60",
            "PlanetHoraD2Signs": {
              "Name": "Virgo",
              "DegreesIn": {
                "DegreeMinuteSecond": "7° 33' 15",
                "TotalDegrees": "7.554166666666666"
              }
            },
            "PlanetIshtaKashtaScoreDegree": "-2.051",
            "PlanetIshtaScore": "19.360254245346173",
            "PlanetKalaBala": "167.95929725639203",
            "PlanetKashtaScore": "37.751563617359686",
            "PlanetKendraBala": "15",
            "PlanetKhavedamshaD40Sign": {
              "Name": "Capricorn",
              "DegreesIn": {
                "DegreeMinuteSecond": "10° 43' 20",
                "TotalDegrees": "10.722222222222221"
              }
            },
            "PlanetLordOfConstellation": {
              "Name": "Sun"
            },
            "PlanetLordOfZodiacSign": {
              "Name": "Mercury"
            },
            "PlanetMasaBala": "0",
            "PlanetMotionName": "Direct",
            "PlanetNaisargikaBala": "60",
            "PlanetNathonnathaBala": "10.6",
            "PlanetNatureScore": "-2",
            "PlanetNavamshaD9Sign": {
              "Name": "Capricorn",
              "DegreesIn": {
                "DegreeMinuteSecond": "22° 39' 45",
                "TotalDegrees": "22.6625"
              }
            },
            "PlanetNirayanaLongitude": {
              "DegreeMinuteSecond": "152° 31' 5",
              "TotalDegrees": "152.51805555555555"
            },
            "PlanetOchchaBala": "12.493981481481482",
            "PlanetOjayugmarasyamsaBala": "0",
            "PlanetOwnAshtakvargaBindu": "4",
            "PlanetPakshaBala": "33.70351851851852",
            "PlanetPowerPercentage": "0",
            "PlanetRasiD1Sign": {
              "Name": "Virgo",
              "DegreesIn": {
                "DegreeMinuteSecond": "2° 31' 5",
                "TotalDegrees": "2.5180555555555557"
              }
            },
            "PlanetSaptamshaD7Sign": {
              "Name": "Virgo",
              "DegreesIn": {
                "DegreeMinuteSecond": "17° 37' 35",
                "TotalDegrees": "17.62638888888889"
              }
            },
            "PlanetSaptamshaSignOLD": "Pisces",
            "PlanetSaptavargajaBala": "71.25",
            "PlanetsAspectingPlanet": [
              "Mars"
            ],
            "PlanetSayanaLatitude": {
              "DegreeMinuteSecond": "0° 0' 0",
              "TotalDegrees": "0"
            },
            "PlanetSayanaLongitude": {
              "DegreeMinuteSecond": "176° 25' 24",
              "TotalDegrees": "176.42333333333335"
            },
            "PlanetShadbalaPinda": "314.24",
            "PlanetShashtyamshaD60Sign": {
              "Name": "Aquarius",
              "DegreesIn": {
                "DegreeMinuteSecond": "1° 5' 0",
                "TotalDegrees": "1.0833333333333333"
              }
            },
            "PlanetShodashamshaD16Sign": {
              "Name": "Capricorn",
              "DegreesIn": {
                "DegreeMinuteSecond": "10° 17' 20",
                "TotalDegrees": "10.28888888888889"
              }
            },
            "PlanetsInAspect": [],
            "PlanetsInConjunction": [],
            "PlanetSpeed": "0.9767795872048064",
            "PlanetSthanaBala": "113.74398148148148",
            "PlanetStrength": "314.24",
            "PlanetTemporaryFriendList": [
              "Moon",
              "Saturn",
              "Mercury",
              "Jupiter"
            ],
            "PlanetTribhagaBala": "0",
            "PlanetTrimshamshaD30Sign": {
              "Name": "Taurus",
              "DegreesIn": {
                "DegreeMinuteSecond": "15° 32' 30",
                "TotalDegrees": "15.541666666666666"
              }
            },
            "PlanetVaraBala": "0",
            "PlanetVimshamshaD20Sign": {
              "Name": "Virgo",
              "DegreesIn": {
                "DegreeMinuteSecond": "20° 21' 40",
                "TotalDegrees": "20.36111111111111"
              }
            },
            "PlanetZodiacSignBasedOnHouseLongitudes": {
              "Name": "Virgo",
              "DegreesIn": {
                "DegreeMinuteSecond": "6° 23' 9",
                "TotalDegrees": "6.385833333333333"
              }
            },
            "ResidentialStrength": "0",
            "SignsPlanetIsAspecting": "Pisces",
            "SwissEphemeris": "{ Longitude = 176.42336200732572, Latitude = 8.124002530645354E-05, DistanceAU = 1.0045172832831466, SpeedLongitude = 0, SpeedLatitude = 0, SpeedDistance = 0 }"
          }
        },
        {
          "Moon": {
            "BouncBackInputPlanet": "Moon",
            "GetAllMaleficPlanetsAspecting": [],
            "HousePlanetOccupiesBasedOnLongitudes": "House12",
            "HousePlanetOccupiesBasedOnSign": "House12",
            "HousesInAspect": "House6",
            "HousesOwnedByPlanet": "House1",
            "IsPlanetAspectedByBeneficPlanets": "False",
            "IsPlanetAspectedByEnemyPlanets": "False",
            "IsPlanetAspectedByFriendPlanets": "False",
            "IsPlanetAspectedByMaleficPlanets": "False",
            "IsPlanetBenefic": "False",
            "IsPlanetBeneficToLagna": "False",
            "IsPlanetCombust": "False",
            "IsPlanetConjunctWithBeneficPlanets": "False",
            "IsPlanetConjunctWithEnemyPlanets": "True",
            "IsPlanetConjunctWithFriendPlanets": "False",
            "IsPlanetConjunctWithMaleficPlanets": "True",
            "IsPlanetDebilitated": "False",
            "IsPlanetExaltedDegree": "False",
            "IsPlanetExaltedSign": "False",
            "IsPlanetInEnemyHouse": "False",
            "IsPlanetInEnemySign": "False",
            "IsPlanetInFriendHouse": "True",
            "IsPlanetInFriendSign": "True",
            "IsPlanetInGarvitaAvasta": "False",
            "IsPlanetInKendra": "False",
            "IsPlanetInKshobhitaAvasta": "False",
            "IsPlanetInKshuditaAvasta": "True",
            "IsPlanetInLajjitaAvasta": "False",
            "IsPlanetInMoolatrikona": "False",
            "IsPlanetInMuditaAvasta": "True",
            "IsPlanetInOwnHouse": "False",
            "IsPlanetInOwnSign": "False",
            "IsPlanetInTrashitaAvasta": "False",
            "IsPlanetInTrikona": "False",
            "IsPlanetInUpachaya": "False",
            "IsPlanetInWaterySign": "False",
            "IsPlanetMalefic": "True",
            "IsPlanetMaleficToLagna": "False",
            "IsPlanetMarakaToLagna": "False",
            "IsPlanetRetrograde": "False",
            "IsPlanetStrongInShadbala": "False",
            "IsPlanetYogakarakaToLagna": "False",
            "PlanetAbdaBala": "0",
            "PlanetAkshavedamshaD45Sign": {
              "Name": "Leo",
              "DegreesIn": {
                "DegreeMinuteSecond": "13° 15' 44",
                "TotalDegrees": "13.262222222222222"
              }
            },
            "PlanetAvasta": "KshuditaStarved, MuditaDelighted",
            "PlanetAyanaBala": "-3.614690350000336",
            "PlanetBhamshaD27Sign": {
              "Name": "Libra",
              "DegreesIn": {
                "DegreeMinuteSecond": "7° 57' 26",
                "TotalDegrees": "7.957222222222223"
              }
            },
            "PlanetChaturthamshaD4Sign": {
              "Name": "Virgo",
              "DegreesIn": {
                "DegreeMinuteSecond": "24° 30' 44",
                "TotalDegrees": "24.51222222222222"
              }
            },
            "PlanetChaturvimshamshaD24Sign": {
              "Name": "Gemini",
              "DegreesIn": {
                "DegreeMinuteSecond": "27° 4' 23",
                "TotalDegrees": "27.073055555555555"
              }
            },
            "PlanetConstellation": "Aridra - 3",
            "PlanetDasaNature": "Good",
            "PlanetDashamamshaD10Sign": {
              "Name": "Libra",
              "DegreesIn": {
                "DegreeMinuteSecond": "16° 16' 50",
                "TotalDegrees": "16.280555555555555"
              }
            },
            "PlanetDeclination": "26.89175228000027",
            "PlanetDigBala": "22.34296296296296",
            "PlanetDrekkanaBala": "0",
            "PlanetDrekkanaD3Sign": {
              "Name": "Libra",
              "DegreesIn": {
                "DegreeMinuteSecond": "10° 53' 2",
                "TotalDegrees": "10.883888888888889"
              }
            },
            "PlanetDrikBala": "-4.065555555555555",
            "PlanetDwadashamshaD12Sign": {
              "Name": "Scorpio",
              "DegreesIn": {
                "DegreeMinuteSecond": "13° 32' 11",
                "TotalDegrees": "13.536388888888888"
              }
            },
            "PlanetDwadashamshaSignOLD": "Scorpio",
            "PlanetEphemerisLongitude": {
              "DegreeMinuteSecond": "97° 32' 0",
              "TotalDegrees": "97.53333333333333"
            },
            "PlanetHoraBala": "0",
            "PlanetHoraD2Signs": {
              "Name": "Libra",
              "DegreesIn": {
                "DegreeMinuteSecond": "10° 53' 2",
                "TotalDegrees": "10.883888888888889"
              }
            },
            "PlanetIshtaKashtaScoreDegree": "1.439",
            "PlanetIshtaScore": "34.57420794822223",
            "PlanetKalaBala": "113.19234668703672",
            "PlanetKashtaScore": "22.139037159687515",
            "PlanetKendraBala": "15",
            "PlanetKhavedamshaD40Sign": {
              "Name": "Libra",
              "DegreesIn": {
                "DegreeMinuteSecond": "5° 7' 20",
                "TotalDegrees": "5.122222222222222"
              }
            },
            "PlanetLordOfConstellation": {
              "Name": "Rahu"
            },
            "PlanetLordOfZodiacSign": {
              "Name": "Mercury"
            },
            "PlanetMasaBala": "0",
            "PlanetMotionName": "Direct",
            "PlanetNaisargikaBala": "51.43",
            "PlanetNathonnathaBala": "49.4",
            "PlanetNatureScore": "-2",
            "PlanetNavamshaD9Sign": {
              "Name": "Aquarius",
              "DegreesIn": {
                "DegreeMinuteSecond": "2° 39' 9",
                "TotalDegrees": "2.6525"
              }
            },
            "PlanetNirayanaLongitude": {
              "DegreeMinuteSecond": "73° 37' 41",
              "TotalDegrees": "73.62805555555556"
            },
            "PlanetOchchaBala": "45.457314814814815",
            "PlanetOjayugmarasyamsaBala": "0",
            "PlanetOwnAshtakvargaBindu": "6",
            "PlanetPakshaBala": "67.40703703703704",
            "PlanetPowerPercentage": "16.42297489049294",
            "PlanetRasiD1Sign": {
              "Name": "Gemini",
              "DegreesIn": {
                "DegreeMinuteSecond": "13° 37' 41",
                "TotalDegrees": "13.628055555555555"
              }
            },
            "PlanetSaptamshaD7Sign": {
              "Name": "Virgo",
              "DegreesIn": {
                "DegreeMinuteSecond": "5° 23' 46",
                "TotalDegrees": "5.396111111111111"
              }
            },
            "PlanetSaptamshaSignOLD": "Virgo",
            "PlanetSaptavargajaBala": "97.5",
            "PlanetsAspectingPlanet": [],
            "PlanetSayanaLatitude": {
              "DegreeMinuteSecond": "3° 39' 13",
              "TotalDegrees": "3.653611111111111"
            },
            "PlanetSayanaLongitude": {
              "DegreeMinuteSecond": "97° 32' 0",
              "TotalDegrees": "97.53333333333333"
            },
            "PlanetShadbalaPinda": "340.86",
            "PlanetShashtyamshaD60Sign": {
              "Name": "Virgo",
              "DegreesIn": {
                "DegreeMinuteSecond": "7° 40' 59",
                "TotalDegrees": "7.683055555555556"
              }
            },
            "PlanetShodashamshaD16Sign": {
              "Name": "Cancer",
              "DegreesIn": {
                "DegreeMinuteSecond": "8° 2' 55",
                "TotalDegrees": "8.04861111111111"
              }
            },
            "PlanetsInAspect": [],
            "PlanetsInConjunction": [
              "Saturn"
            ],
            "PlanetSpeed": "12.234897912803687",
            "PlanetSthanaBala": "157.95731481481482",
            "PlanetStrength": "340.86",
            "PlanetTemporaryFriendList": [
              "Mercury",
              "Jupiter",
              "Sun",
              "Venus"
            ],
            "PlanetTribhagaBala": "0",
            "PlanetTrimshamshaD30Sign": {
              "Name": "Sagittarius",
              "DegreesIn": {
                "DegreeMinuteSecond": "18° 50' 29",
                "TotalDegrees": "18.84138888888889"
              }
            },
            "PlanetVaraBala": "0",
            "PlanetVimshamshaD20Sign": {
              "Name": "Taurus",
              "DegreesIn": {
                "DegreeMinuteSecond": "2° 33' 40",
                "TotalDegrees": "2.561111111111111"
              }
            },
            "PlanetZodiacSignBasedOnHouseLongitudes": {
              "Name": "Gemini",
              "DegreesIn": {
                "DegreeMinuteSecond": "6° 10' 22",
                "TotalDegrees": "6.172777777777778"
              }
            },
            "ResidentialStrength": "0",
            "SignsPlanetIsAspecting": "Sagittarius",
            "SwissEphemeris": "{ Longitude = 97.53348968395493, Latitude = 3.6537570633921277, DistanceAU = 0.0026578524274181313, SpeedLongitude = 0, SpeedLatitude = 0, SpeedDistance = 0 }"
          }
        },
        {
          "Mars": {
            "BouncBackInputPlanet": "Mars",
            "GetAllMaleficPlanetsAspecting": [],
            "HousePlanetOccupiesBasedOnLongitudes": "House8",
            "HousePlanetOccupiesBasedOnSign": "House8",
            "HousesInAspect": "House2, House3, House11",
            "HousesOwnedByPlanet": "House10, House5",
            "IsPlanetAspectedByBeneficPlanets": "True",
            "IsPlanetAspectedByEnemyPlanets": "True",
            "IsPlanetAspectedByFriendPlanets": "False",
            "IsPlanetAspectedByMaleficPlanets": "False",
            "IsPlanetBenefic": "False",
            "IsPlanetBeneficToLagna": "True",
            "IsPlanetCombust": "False",
            "IsPlanetConjunctWithBeneficPlanets": "False",
            "IsPlanetConjunctWithEnemyPlanets": "False",
            "IsPlanetConjunctWithFriendPlanets": "False",
            "IsPlanetConjunctWithMaleficPlanets": "False",
            "IsPlanetDebilitated": "False",
            "IsPlanetExaltedDegree": "False",
            "IsPlanetExaltedSign": "False",
            "IsPlanetInEnemyHouse": "True",
            "IsPlanetInEnemySign": "True",
            "IsPlanetInFriendHouse": "False",
            "IsPlanetInFriendSign": "False",
            "IsPlanetInGarvitaAvasta": "False",
            "IsPlanetInKendra": "False",
            "IsPlanetInKshobhitaAvasta": "False",
            "IsPlanetInKshuditaAvasta": "True",
            "IsPlanetInLajjitaAvasta": "False",
            "IsPlanetInMoolatrikona": "False",
            "IsPlanetInMuditaAvasta": "False",
            "IsPlanetInOwnHouse": "False",
            "IsPlanetInOwnSign": "False",
            "IsPlanetInTrashitaAvasta": "False",
            "IsPlanetInTrikona": "False",
            "IsPlanetInUpachaya": "False",
            "IsPlanetInWaterySign": "False",
            "IsPlanetMalefic": "True",
            "IsPlanetMaleficToLagna": "False",
            "IsPlanetMarakaToLagna": "False",
            "IsPlanetRetrograde": "True",
            "IsPlanetStrongInShadbala": "True",
            "IsPlanetYogakarakaToLagna": "True",
            "PlanetAbdaBala": "0",
            "PlanetAkshavedamshaD45Sign": {
              "Name": "Taurus",
              "DegreesIn": {
                "DegreeMinuteSecond": "26° 36' 45",
                "TotalDegrees": "26.6125"
              }
            },
            "PlanetAvasta": "KshuditaStarved",
            "PlanetAyanaBala": "8.770098372753901",
            "PlanetBhamshaD27Sign": {
              "Name": "Pisces",
              "DegreesIn": {
                "DegreeMinuteSecond": "27° 58' 3",
                "TotalDegrees": "27.9675"
              }
            },
            "PlanetChaturthamshaD4Sign": {
              "Name": "Aquarius",
              "DegreesIn": {
                "DegreeMinuteSecond": "26° 21' 56",
                "TotalDegrees": "26.365555555555556"
              }
            },
            "PlanetChaturvimshamshaD24Sign": {
              "Name": "Capricorn",
              "DegreesIn": {
                "DegreeMinuteSecond": "8° 11' 35",
                "TotalDegrees": "8.193055555555556"
              }
            },
            "PlanetConstellation": "Dhanishta - 4",
            "PlanetDasaNature": "Good",
            "PlanetDashamamshaD10Sign": {
              "Name": "Aries",
              "DegreesIn": {
                "DegreeMinuteSecond": "5° 54' 50",
                "TotalDegrees": "5.913888888888889"
              }
            },
            "PlanetDeclination": "-16.98392130179688",
            "PlanetDigBala": "39.99740740740741",
            "PlanetDrekkanaBala": "15",
            "PlanetDrekkanaD3Sign": {
              "Name": "Aquarius",
              "DegreesIn": {
                "DegreeMinuteSecond": "19° 46' 27",
                "TotalDegrees": "19.774166666666666"
              }
            },
            "PlanetDrikBala": "3.6638194444444387",
            "PlanetDwadashamshaD12Sign": {
              "Name": "Aries",
              "DegreesIn": {
                "DegreeMinuteSecond": "19° 5' 47",
                "TotalDegrees": "19.09638888888889"
              }
            },
            "PlanetDwadashamshaSignOLD": "Aries",
            "PlanetEphemerisLongitude": {
              "DegreeMinuteSecond": "330° 29' 47",
              "TotalDegrees": "330.4963888888889"
            },
            "PlanetHoraBala": "0",
            "PlanetHoraD2Signs": {
              "Name": "Aquarius",
              "DegreesIn": {
                "DegreeMinuteSecond": "19° 46' 27",
                "TotalDegrees": "19.774166666666666"
              }
            },
            "PlanetIshtaKashtaScoreDegree": "3.685",
            "PlanetIshtaScore": "55.237525151130484",
            "PlanetKalaBala": "91.87361689127242",
            "PlanetKashtaScore": "4.3468950576958445",
            "PlanetKendraBala": "30",
            "PlanetKhavedamshaD40Sign": {
              "Name": "Sagittarius",
              "DegreesIn": {
                "DegreeMinuteSecond": "23° 39' 20",
                "TotalDegrees": "23.655555555555555"
              }
            },
            "PlanetLordOfConstellation": {
              "Name": "Mars"
            },
            "PlanetLordOfZodiacSign": {
              "Name": "Saturn"
            },
            "PlanetMasaBala": "0",
            "PlanetMotionName": "Direct",
            "PlanetNaisargikaBala": "17.14",
            "PlanetNathonnathaBala": "49.4",
            "PlanetNatureScore": "-1",
            "PlanetNavamshaD9Sign": {
              "Name": "Scorpio",
              "DegreesIn": {
                "DegreeMinuteSecond": "29° 19' 21",
                "TotalDegrees": "29.3225"
              }
            },
            "PlanetNirayanaLongitude": {
              "DegreeMinuteSecond": "306° 35' 29",
              "TotalDegrees": "306.5913888888889"
            },
            "PlanetOchchaBala": "57.1362037037037",
            "PlanetOjayugmarasyamsaBala": "15",
            "PlanetOwnAshtakvargaBindu": "4",
            "PlanetPakshaBala": "33.70351851851852",
            "PlanetPowerPercentage": "56.431612067369976",
            "PlanetRasiD1Sign": {
              "Name": "Aquarius",
              "DegreesIn": {
                "DegreeMinuteSecond": "6° 35' 29",
                "TotalDegrees": "6.591388888888889"
              }
            },
            "PlanetSaptamshaD7Sign": {
              "Name": "Pisces",
              "DegreesIn": {
                "DegreeMinuteSecond": "16° 8' 23",
                "TotalDegrees": "16.139722222222222"
              }
            },
            "PlanetSaptamshaSignOLD": "Pisces",
            "PlanetSaptavargajaBala": "82.5",
            "PlanetsAspectingPlanet": [
              "Mercury",
              "Jupiter"
            ],
            "PlanetSayanaLatitude": {
              "DegreeMinuteSecond": "-5° 26' 24",
              "TotalDegrees": "-5.44"
            },
            "PlanetSayanaLongitude": {
              "DegreeMinuteSecond": "330° 29' 47",
              "TotalDegrees": "330.4963888888889"
            },
            "PlanetShadbalaPinda": "405.71",
            "PlanetShashtyamshaD60Sign": {
              "Name": "Pisces",
              "DegreesIn": {
                "DegreeMinuteSecond": "5° 29' 0",
                "TotalDegrees": "5.483333333333333"
              }
            },
            "PlanetShodashamshaD16Sign": {
              "Name": "Scorpio",
              "DegreesIn": {
                "DegreeMinuteSecond": "15° 27' 44",
                "TotalDegrees": "15.462222222222222"
              }
            },
            "PlanetsInAspect": [
              "Sun",
              "Venus",
              "Mercury",
              "Jupiter"
            ],
            "PlanetsInConjunction": [],
            "PlanetSpeed": "-0.09892039034935145",
            "PlanetSthanaBala": "199.6362037037037",
            "PlanetStrength": "405.71",
            "PlanetTemporaryFriendList": [],
            "PlanetTribhagaBala": "0",
            "PlanetTrimshamshaD30Sign": {
              "Name": "Capricorn",
              "DegreesIn": {
                "DegreeMinuteSecond": "17° 44' 30",
                "TotalDegrees": "17.741666666666667"
              }
            },
            "PlanetVaraBala": "0",
            "PlanetVimshamshaD20Sign": {
              "Name": "Aries",
              "DegreesIn": {
                "DegreeMinuteSecond": "11° 49' 40",
                "TotalDegrees": "11.827777777777778"
              }
            },
            "PlanetZodiacSignBasedOnHouseLongitudes": {
              "Name": "Aquarius",
              "DegreesIn": {
                "DegreeMinuteSecond": "6° 10' 23",
                "TotalDegrees": "6.173055555555556"
              }
            },
            "ResidentialStrength": "0",
            "SignsPlanetIsAspecting": "Taurus, Virgo, Leo",
            "SwissEphemeris": "{ Longitude = 330.4966415314514, Latitude = -5.440020450379915, DistanceAU = 0.4104821189753042, SpeedLongitude = 0, SpeedLatitude = 0, SpeedDistance = 0 }"
          }
        },
        {
          "Mercury": {
            "BouncBackInputPlanet": "Mercury",
            "GetAllMaleficPlanetsAspecting": [
              "Saturn",
              "Mars"
            ],
            "HousePlanetOccupiesBasedOnLongitudes": "House2",
            "HousePlanetOccupiesBasedOnSign": "House2",
            "HousesInAspect": "House8",
            "HousesOwnedByPlanet": "House12, House3",
            "IsPlanetAspectedByBeneficPlanets": "False",
            "IsPlanetAspectedByEnemyPlanets": "True",
            "IsPlanetAspectedByFriendPlanets": "True",
            "IsPlanetAspectedByMaleficPlanets": "True",
            "IsPlanetBenefic": "True",
            "IsPlanetBeneficToLagna": "False",
            "IsPlanetCombust": "False",
            "IsPlanetConjunctWithBeneficPlanets": "True",
            "IsPlanetConjunctWithEnemyPlanets": "True",
            "IsPlanetConjunctWithFriendPlanets": "False",
            "IsPlanetConjunctWithMaleficPlanets": "False",
            "IsPlanetDebilitated": "False",
            "IsPlanetExaltedDegree": "False",
            "IsPlanetExaltedSign": "False",
            "IsPlanetInEnemyHouse": "False",
            "IsPlanetInEnemySign": "False",
            "IsPlanetInFriendHouse": "True",
            "IsPlanetInFriendSign": "True",
            "IsPlanetInGarvitaAvasta": "False",
            "IsPlanetInKendra": "False",
            "IsPlanetInKshobhitaAvasta": "False",
            "IsPlanetInKshuditaAvasta": "True",
            "IsPlanetInLajjitaAvasta": "False",
            "IsPlanetInMoolatrikona": "False",
            "IsPlanetInMuditaAvasta": "True",
            "IsPlanetInOwnHouse": "False",
            "IsPlanetInOwnSign": "False",
            "IsPlanetInTrashitaAvasta": "False",
            "IsPlanetInTrikona": "False",
            "IsPlanetInUpachaya": "False",
            "IsPlanetInWaterySign": "False",
            "IsPlanetMalefic": "False",
            "IsPlanetMaleficToLagna": "True",
            "IsPlanetMarakaToLagna": "True",
            "IsPlanetRetrograde": "True",
            "IsPlanetStrongInShadbala": "False",
            "IsPlanetYogakarakaToLagna": "False",
            "PlanetAbdaBala": "0",
            "PlanetAkshavedamshaD45Sign": {
              "Name": "Scorpio",
              "DegreesIn": {
                "DegreeMinuteSecond": "14° 39' 0",
                "TotalDegrees": "14.65"
              }
            },
            "PlanetAvasta": "KshuditaStarved, MuditaDelighted",
            "PlanetAyanaBala": "37.86911773355645",
            "PlanetBhamshaD27Sign": {
              "Name": "Leo",
              "DegreesIn": {
                "DegreeMinuteSecond": "14° 47' 24",
                "TotalDegrees": "14.79"
              }
            },
            "PlanetChaturthamshaD4Sign": {
              "Name": "Aquarius",
              "DegreesIn": {
                "DegreeMinuteSecond": "13° 18' 8",
                "TotalDegrees": "13.302222222222222"
              }
            },
            "PlanetChaturvimshamshaD24Sign": {
              "Name": "Libra",
              "DegreesIn": {
                "DegreeMinuteSecond": "19° 48' 48",
                "TotalDegrees": "19.813333333333333"
              }
            },
            "PlanetConstellation": "Pubba - 2",
            "PlanetDasaNature": "Bad",
            "PlanetDashamamshaD10Sign": {
              "Name": "Aquarius",
              "DegreesIn": {
                "DegreeMinuteSecond": "3° 15' 20",
                "TotalDegrees": "3.2555555555555555"
              }
            },
            "PlanetDeclination": "6.29529418684516",
            "PlanetDigBala": "45.87833333333333",
            "PlanetDrekkanaBala": "15",
            "PlanetDrekkanaD3Sign": {
              "Name": "Sagittarius",
              "DegreesIn": {
                "DegreeMinuteSecond": "24° 58' 36",
                "TotalDegrees": "24.976666666666667"
              }
            },
            "PlanetDrikBala": "-33.50142361111111",
            "PlanetDwadashamshaD12Sign": {
              "Name": "Pisces",
              "DegreesIn": {
                "DegreeMinuteSecond": "9° 54' 24",
                "TotalDegrees": "9.906666666666666"
              }
            },
            "PlanetDwadashamshaSignOLD": "Pisces",
            "PlanetEphemerisLongitude": {
              "DegreeMinuteSecond": "162° 13' 51",
              "TotalDegrees": "162.23083333333332"
            },
            "PlanetHoraBala": "0",
            "PlanetHoraD2Signs": {
              "Name": "Sagittarius",
              "DegreesIn": {
                "DegreeMinuteSecond": "24° 58' 36",
                "TotalDegrees": "24.976666666666667"
              }
            },
            "PlanetIshtaKashtaScoreDegree": "2.735",
            "PlanetIshtaScore": "44.121827593444856",
            "PlanetKalaBala": "124.16559921503793",
            "PlanetKashtaScore": "13.957443778348507",
            "PlanetKendraBala": "30",
            "PlanetKhavedamshaD40Sign": {
              "Name": "Aries",
              "DegreesIn": {
                "DegreeMinuteSecond": "13° 1' 20",
                "TotalDegrees": "13.022222222222222"
              }
            },
            "PlanetLordOfConstellation": {
              "Name": "Venus"
            },
            "PlanetLordOfZodiacSign": {
              "Name": "Sun"
            },
            "PlanetMasaBala": "0",
            "PlanetMotionName": "Direct",
            "PlanetNaisargikaBala": "25.7",
            "PlanetNathonnathaBala": "60",
            "PlanetNatureScore": "-1",
            "PlanetNavamshaD9Sign": {
              "Name": "Virgo",
              "DegreesIn": {
                "DegreeMinuteSecond": "14° 55' 48",
                "TotalDegrees": "14.93"
              }
            },
            "PlanetNirayanaLongitude": {
              "DegreeMinuteSecond": "138° 19' 32",
              "TotalDegrees": "138.32555555555555"
            },
            "PlanetOchchaBala": "51.108518518518515",
            "PlanetOjayugmarasyamsaBala": "15",
            "PlanetOwnAshtakvargaBindu": "4",
            "PlanetPakshaBala": "26.296481481481482",
            "PlanetPowerPercentage": "58.424332161145045",
            "PlanetRasiD1Sign": {
              "Name": "Leo",
              "DegreesIn": {
                "DegreeMinuteSecond": "18° 19' 32",
                "TotalDegrees": "18.325555555555557"
              }
            },
            "PlanetSaptamshaD7Sign": {
              "Name": "Sagittarius",
              "DegreesIn": {
                "DegreeMinuteSecond": "8° 16' 44",
                "TotalDegrees": "8.278888888888888"
              }
            },
            "PlanetSaptamshaSignOLD": "Sagittarius",
            "PlanetSaptavargajaBala": "97.5",
            "PlanetsAspectingPlanet": [
              "Mars",
              "Saturn"
            ],
            "PlanetSayanaLatitude": {
              "DegreeMinuteSecond": "0° 51' 30",
              "TotalDegrees": "-0.8583333333333333"
            },
            "PlanetSayanaLongitude": {
              "DegreeMinuteSecond": "162° 13' 51",
              "TotalDegrees": "162.23083333333332"
            },
            "PlanetShadbalaPinda": "408.94",
            "PlanetShashtyamshaD60Sign": {
              "Name": "Leo",
              "DegreesIn": {
                "DegreeMinuteSecond": "19° 31' 59",
                "TotalDegrees": "19.533055555555556"
              }
            },
            "PlanetShodashamshaD16Sign": {
              "Name": "Taurus",
              "DegreesIn": {
                "DegreeMinuteSecond": "23° 12' 32",
                "TotalDegrees": "23.20888888888889"
              }
            },
            "PlanetsInAspect": [
              "Mars"
            ],
            "PlanetsInConjunction": [
              "Jupiter"
            ],
            "PlanetSpeed": "-0.09331561381758759",
            "PlanetSthanaBala": "208.6085185185185",
            "PlanetStrength": "408.94",
            "PlanetTemporaryFriendList": [
              "Sun",
              "Venus",
              "Moon",
              "Saturn"
            ],
            "PlanetTribhagaBala": "0",
            "PlanetTrimshamshaD30Sign": {
              "Name": "Gemini",
              "DegreesIn": {
                "DegreeMinuteSecond": "9° 45' 59",
                "TotalDegrees": "9.766388888888889"
              }
            },
            "PlanetVaraBala": "0",
            "PlanetVimshamshaD20Sign": {
              "Name": "Sagittarius",
              "DegreesIn": {
                "DegreeMinuteSecond": "6° 30' 40",
                "TotalDegrees": "6.511111111111111"
              }
            },
            "PlanetZodiacSignBasedOnHouseLongitudes": {
              "Name": "Leo",
              "DegreesIn": {
                "DegreeMinuteSecond": "6° 10' 23",
                "TotalDegrees": "6.173055555555556"
              }
            },
            "ResidentialStrength": "0",
            "SignsPlanetIsAspecting": "Aquarius",
            "SwissEphemeris": "{ Longitude = 162.23083527574437, Latitude = -0.8585284320856355, DistanceAU = 0.7631959909661923, SpeedLongitude = 0, SpeedLatitude = 0, SpeedDistance = 0 }"
          }
        },
        {
          "Jupiter": {
            "BouncBackInputPlanet": "Jupiter",
            "GetAllMaleficPlanetsAspecting": [
              "Saturn",
              "Mars"
            ],
            "HousePlanetOccupiesBasedOnLongitudes": "House2",
            "HousePlanetOccupiesBasedOnSign": "House2",
            "HousesInAspect": "House6, House8, House10",
            "HousesOwnedByPlanet": "House6, House9",
            "IsPlanetAspectedByBeneficPlanets": "False",
            "IsPlanetAspectedByEnemyPlanets": "False",
            "IsPlanetAspectedByFriendPlanets": "True",
            "IsPlanetAspectedByMaleficPlanets": "True",
            "IsPlanetBenefic": "True",
            "IsPlanetBeneficToLagna": "True",
            "IsPlanetCombust": "False",
            "IsPlanetConjunctWithBeneficPlanets": "True",
            "IsPlanetConjunctWithEnemyPlanets": "True",
            "IsPlanetConjunctWithFriendPlanets": "False",
            "IsPlanetConjunctWithMaleficPlanets": "False",
            "IsPlanetDebilitated": "False",
            "IsPlanetExaltedDegree": "False",
            "IsPlanetExaltedSign": "False",
            "IsPlanetInEnemyHouse": "False",
            "IsPlanetInEnemySign": "False",
            "IsPlanetInFriendHouse": "True",
            "IsPlanetInFriendSign": "True",
            "IsPlanetInGarvitaAvasta": "False",
            "IsPlanetInKendra": "False",
            "IsPlanetInKshobhitaAvasta": "False",
            "IsPlanetInKshuditaAvasta": "True",
            "IsPlanetInLajjitaAvasta": "False",
            "IsPlanetInMoolatrikona": "False",
            "IsPlanetInMuditaAvasta": "True",
            "IsPlanetInOwnHouse": "False",
            "IsPlanetInOwnSign": "False",
            "IsPlanetInTrashitaAvasta": "False",
            "IsPlanetInTrikona": "False",
            "IsPlanetInUpachaya": "False",
            "IsPlanetInWaterySign": "False",
            "IsPlanetMalefic": "False",
            "IsPlanetMaleficToLagna": "False",
            "IsPlanetMarakaToLagna": "False",
            "IsPlanetRetrograde": "False",
            "IsPlanetStrongInShadbala": "True",
            "IsPlanetYogakarakaToLagna": "False",
            "PlanetAbdaBala": "0",
            "PlanetAkshavedamshaD45Sign": {
              "Name": "Sagittarius",
              "DegreesIn": {
                "DegreeMinuteSecond": "20° 32' 15",
                "TotalDegrees": "20.5375"
              }
            },
            "PlanetAvasta": "KshuditaStarved, MuditaDelighted",
            "PlanetAyanaBala": "43.444607023644565",
            "PlanetBhamshaD27Sign": {
              "Name": "Aquarius",
              "DegreesIn": {
                "DegreeMinuteSecond": "0° 19' 20",
                "TotalDegrees": "0.32222222222222224"
              }
            },
            "PlanetChaturthamshaD4Sign": {
              "Name": "Scorpio",
              "DegreesIn": {
                "DegreeMinuteSecond": "14° 29' 32",
                "TotalDegrees": "14.492222222222223"
              }
            },
            "PlanetChaturvimshamshaD24Sign": {
              "Name": "Aries",
              "DegreesIn": {
                "DegreeMinuteSecond": "26° 57' 12",
                "TotalDegrees": "26.953333333333333"
              }
            },
            "PlanetConstellation": "Makha - 4",
            "PlanetDasaNature": "Good",
            "PlanetDashamamshaD10Sign": {
              "Name": "Scorpio",
              "DegreesIn": {
                "DegreeMinuteSecond": "21° 13' 50",
                "TotalDegrees": "21.230555555555554"
              }
            },
            "PlanetDeclination": "10.755685618915656",
            "PlanetDigBala": "48.27916666666667",
            "PlanetDrekkanaBala": "0",
            "PlanetDrekkanaD3Sign": {
              "Name": "Sagittarius",
              "DegreesIn": {
                "DegreeMinuteSecond": "3° 22' 9",
                "TotalDegrees": "3.3691666666666666"
              }
            },
            "PlanetDrikBala": "-20.74201388888889",
            "PlanetDwadashamshaD12Sign": {
              "Name": "Sagittarius",
              "DegreesIn": {
                "DegreeMinuteSecond": "13° 28' 36",
                "TotalDegrees": "13.476666666666667"
              }
            },
            "PlanetDwadashamshaSignOLD": "Sagittarius",
            "PlanetEphemerisLongitude": {
              "DegreeMinuteSecond": "155° 1' 41",
              "TotalDegrees": "155.02805555555557"
            },
            "PlanetHoraBala": "0",
            "PlanetHoraD2Signs": {
              "Name": "Sagittarius",
              "DegreesIn": {
                "DegreeMinuteSecond": "3° 22' 9",
                "TotalDegrees": "3.3691666666666666"
              }
            },
            "PlanetIshtaKashtaScoreDegree": "-3.289",
            "PlanetIshtaScore": "20.4360261156775",
            "PlanetKalaBala": "140.34108850512604",
            "PlanetKashtaScore": "24.85178818202297",
            "PlanetKendraBala": "30",
            "PlanetKhavedamshaD40Sign": {
              "Name": "Gemini",
              "DegreesIn": {
                "DegreeMinuteSecond": "24° 55' 19",
                "TotalDegrees": "24.921944444444446"
              }
            },
            "PlanetLordOfConstellation": {
              "Name": "Ketu"
            },
            "PlanetLordOfZodiacSign": {
              "Name": "Sun"
            },
            "PlanetMasaBala": "0",
            "PlanetMotionName": "Direct",
            "PlanetNaisargikaBala": "34.28",
            "PlanetNathonnathaBala": "10.6",
            "PlanetNatureScore": "1",
            "PlanetNavamshaD9Sign": {
              "Name": "Cancer",
              "DegreesIn": {
                "DegreeMinuteSecond": "10° 6' 27",
                "TotalDegrees": "10.1075"
              }
            },
            "PlanetNirayanaLongitude": {
              "DegreeMinuteSecond": "131° 7' 23",
              "TotalDegrees": "131.12305555555557"
            },
            "PlanetOchchaBala": "47.958888888888886",
            "PlanetOjayugmarasyamsaBala": "15",
            "PlanetOwnAshtakvargaBindu": "5",
            "PlanetPakshaBala": "26.296481481481482",
            "PlanetPowerPercentage": "100",
            "PlanetRasiD1Sign": {
              "Name": "Leo",
              "DegreesIn": {
                "DegreeMinuteSecond": "11° 7' 23",
                "TotalDegrees": "11.123055555555556"
              }
            },
            "PlanetSaptamshaD7Sign": {
              "Name": "Libra",
              "DegreesIn": {
                "DegreeMinuteSecond": "17° 51' 41",
                "TotalDegrees": "17.86138888888889"
              }
            },
            "PlanetSaptamshaSignOLD": "Libra",
            "PlanetSaptavargajaBala": "172.5",
            "PlanetsAspectingPlanet": [
              "Mars",
              "Saturn"
            ],
            "PlanetSayanaLatitude": {
              "DegreeMinuteSecond": "0° 51' 35",
              "TotalDegrees": "0.8597222222222223"
            },
            "PlanetSayanaLongitude": {
              "DegreeMinuteSecond": "155° 1' 41",
              "TotalDegrees": "155.02805555555557"
            },
            "PlanetShadbalaPinda": "476.33",
            "PlanetShashtyamshaD60Sign": {
              "Name": "Gemini",
              "DegreesIn": {
                "DegreeMinuteSecond": "7° 22' 59",
                "TotalDegrees": "7.383055555555556"
              }
            },
            "PlanetShodashamshaD16Sign": {
              "Name": "Capricorn",
              "DegreesIn": {
                "DegreeMinuteSecond": "27° 58' 8",
                "TotalDegrees": "27.968888888888888"
              }
            },
            "PlanetsInAspect": [
              "Rahu",
              "Mars"
            ],
            "PlanetsInConjunction": [
              "Mercury"
            ],
            "PlanetSpeed": "0.21009378818832514",
            "PlanetSthanaBala": "265.45888888888885",
            "PlanetStrength": "476.33",
            "PlanetTemporaryFriendList": [
              "Sun",
              "Venus",
              "Moon",
              "Saturn"
            ],
            "PlanetTribhagaBala": "60",
            "PlanetTrimshamshaD30Sign": {
              "Name": "Sagittarius",
              "DegreesIn": {
                "DegreeMinuteSecond": "3° 41' 29",
                "TotalDegrees": "3.691388888888889"
              }
            },
            "PlanetVaraBala": "0",
            "PlanetVimshamshaD20Sign": {
              "Name": "Cancer",
              "DegreesIn": {
                "DegreeMinuteSecond": "12° 27' 39",
                "TotalDegrees": "12.460833333333333"
              }
            },
            "PlanetZodiacSignBasedOnHouseLongitudes": {
              "Name": "Leo",
              "DegreesIn": {
                "DegreeMinuteSecond": "6° 10' 23",
                "TotalDegrees": "6.173055555555556"
              }
            },
            "ResidentialStrength": "0",
            "SignsPlanetIsAspecting": "Sagittarius, Aries, Aquarius",
            "SwissEphemeris": "{ Longitude = 155.0282890760991, Latitude = 0.859793223665194, DistanceAU = 6.302496009664489, SpeedLongitude = 0, SpeedLatitude = 0, SpeedDistance = 0 }"
          }
        },
        {
          "Venus": {
            "BouncBackInputPlanet": "Venus",
            "GetAllMaleficPlanetsAspecting": [
              "Mars"
            ],
            "HousePlanetOccupiesBasedOnLongitudes": "House3",
            "HousePlanetOccupiesBasedOnSign": "House3",
            "HousesInAspect": "House9",
            "HousesOwnedByPlanet": "House11, House4",
            "IsPlanetAspectedByBeneficPlanets": "False",
            "IsPlanetAspectedByEnemyPlanets": "True",
            "IsPlanetAspectedByFriendPlanets": "False",
            "IsPlanetAspectedByMaleficPlanets": "True",
            "IsPlanetBenefic": "True",
            "IsPlanetBeneficToLagna": "False",
            "IsPlanetCombust": "True",
            "IsPlanetConjunctWithBeneficPlanets": "False",
            "IsPlanetConjunctWithEnemyPlanets": "False",
            "IsPlanetConjunctWithFriendPlanets": "False",
            "IsPlanetConjunctWithMaleficPlanets": "False",
            "IsPlanetDebilitated": "False",
            "IsPlanetExaltedDegree": "False",
            "IsPlanetExaltedSign": "False",
            "IsPlanetInEnemyHouse": "False",
            "IsPlanetInEnemySign": "False",
            "IsPlanetInFriendHouse": "True",
            "IsPlanetInFriendSign": "True",
            "IsPlanetInGarvitaAvasta": "False",
            "IsPlanetInKendra": "False",
            "IsPlanetInKshobhitaAvasta": "False",
            "IsPlanetInKshuditaAvasta": "True",
            "IsPlanetInLajjitaAvasta": "False",
            "IsPlanetInMoolatrikona": "False",
            "IsPlanetInMuditaAvasta": "True",
            "IsPlanetInOwnHouse": "False",
            "IsPlanetInOwnSign": "False",
            "IsPlanetInTrashitaAvasta": "False",
            "IsPlanetInTrikona": "False",
            "IsPlanetInUpachaya": "True",
            "IsPlanetInWaterySign": "False",
            "IsPlanetMalefic": "False",
            "IsPlanetMaleficToLagna": "True",
            "IsPlanetMarakaToLagna": "True",
            "IsPlanetRetrograde": "False",
            "IsPlanetStrongInShadbala": "False",
            "IsPlanetYogakarakaToLagna": "False",
            "PlanetAbdaBala": "15",
            "PlanetAkshavedamshaD45Sign": {
              "Name": "Aries",
              "DegreesIn": {
                "DegreeMinuteSecond": "25° 1' 29",
                "TotalDegrees": "25.024722222222223"
              }
            },
            "PlanetAvasta": "KshuditaStarved, MuditaDelighted",
            "PlanetAyanaBala": "28.932791671536286",
            "PlanetBhamshaD27Sign": {
              "Name": "Taurus",
              "DegreesIn": {
                "DegreeMinuteSecond": "3° 0' 53",
                "TotalDegrees": "3.0147222222222223"
              }
            },
            "PlanetChaturthamshaD4Sign": {
              "Name": "Sagittarius",
              "DegreesIn": {
                "DegreeMinuteSecond": "14° 53' 27",
                "TotalDegrees": "14.890833333333333"
              }
            },
            "PlanetChaturvimshamshaD24Sign": {
              "Name": "Pisces",
              "DegreesIn": {
                "DegreeMinuteSecond": "29° 20' 47",
                "TotalDegrees": "29.34638888888889"
              }
            },
            "PlanetConstellation": "Hasta - 1",
            "PlanetDasaNature": "Bad",
            "PlanetDashamamshaD10Sign": {
              "Name": "Leo",
              "DegreesIn": {
                "DegreeMinuteSecond": "22° 13' 39",
                "TotalDegrees": "22.2275"
              }
            },
            "PlanetDeclination": "-0.8537666627709677",
            "PlanetDigBala": "51.5412037037037",
            "PlanetDrekkanaBala": "0",
            "PlanetDrekkanaD3Sign": {
              "Name": "Capricorn",
              "DegreesIn": {
                "DegreeMinuteSecond": "3° 40' 5",
                "TotalDegrees": "3.6680555555555556"
              }
            },
            "PlanetDrikBala": "-45.82541666666667",
            "PlanetDwadashamshaD12Sign": {
              "Name": "Capricorn",
              "DegreesIn": {
                "DegreeMinuteSecond": "14° 40' 23",
                "TotalDegrees": "14.673055555555555"
              }
            },
            "PlanetDwadashamshaSignOLD": "Capricorn",
            "PlanetEphemerisLongitude": {
              "DegreeMinuteSecond": "185° 7' 41",
              "TotalDegrees": "185.12805555555556"
            },
            "PlanetHoraBala": "0",
            "PlanetHoraD2Signs": {
              "Name": "Capricorn",
              "DegreesIn": {
                "DegreeMinuteSecond": "3° 40' 5",
                "TotalDegrees": "3.6680555555555556"
              }
            },
            "PlanetIshtaKashtaScoreDegree": "-0.426",
            "PlanetIshtaScore": "5.776055080927602",
            "PlanetKalaBala": "125.82927315301777",
            "PlanetKashtaScore": "54.195820557348206",
            "PlanetKendraBala": "15",
            "PlanetKhavedamshaD40Sign": {
              "Name": "Sagittarius",
              "DegreesIn": {
                "DegreeMinuteSecond": "28° 54' 39",
                "TotalDegrees": "28.910833333333333"
              }
            },
            "PlanetLordOfConstellation": {
              "Name": "Moon"
            },
            "PlanetLordOfZodiacSign": {
              "Name": "Mercury"
            },
            "PlanetMasaBala": "0",
            "PlanetMotionName": "Direct",
            "PlanetNaisargikaBala": "42.85",
            "PlanetNathonnathaBala": "10.6",
            "PlanetNatureScore": "-2",
            "PlanetNavamshaD9Sign": {
              "Name": "Aries",
              "DegreesIn": {
                "DegreeMinuteSecond": "11° 0' 17",
                "TotalDegrees": "11.004722222222222"
              }
            },
            "PlanetNirayanaLongitude": {
              "DegreeMinuteSecond": "161° 13' 22",
              "TotalDegrees": "161.22277777777776"
            },
            "PlanetOchchaBala": "5.259074074074074",
            "PlanetOjayugmarasyamsaBala": "15",
            "PlanetOwnAshtakvargaBindu": "4",
            "PlanetPakshaBala": "26.296481481481482",
            "PlanetPowerPercentage": "13.424640631747792",
            "PlanetRasiD1Sign": {
              "Name": "Virgo",
              "DegreesIn": {
                "DegreeMinuteSecond": "11° 13' 22",
                "TotalDegrees": "11.222777777777777"
              }
            },
            "PlanetSaptamshaD7Sign": {
              "Name": "Scorpio",
              "DegreesIn": {
                "DegreeMinuteSecond": "18° 33' 33",
                "TotalDegrees": "18.559166666666666"
              }
            },
            "PlanetSaptamshaSignOLD": "Taurus",
            "PlanetSaptavargajaBala": "120",
            "PlanetsAspectingPlanet": [
              "Mars"
            ],
            "PlanetSayanaLatitude": {
              "DegreeMinuteSecond": "1° 14' 29",
              "TotalDegrees": "1.2413888888888889"
            },
            "PlanetSayanaLongitude": {
              "DegreeMinuteSecond": "185° 7' 41",
              "TotalDegrees": "185.12805555555556"
            },
            "PlanetShadbalaPinda": "336",
            "PlanetShashtyamshaD60Sign": {
              "Name": "Cancer",
              "DegreesIn": {
                "DegreeMinuteSecond": "13° 22' 0",
                "TotalDegrees": "13.366666666666667"
              }
            },
            "PlanetShodashamshaD16Sign": {
              "Name": "Taurus",
              "DegreesIn": {
                "DegreeMinuteSecond": "29° 33' 51",
                "TotalDegrees": "29.564166666666665"
              }
            },
            "PlanetsInAspect": [],
            "PlanetsInConjunction": [],
            "PlanetSpeed": "1.2430574076362513",
            "PlanetSthanaBala": "155.25907407407408",
            "PlanetStrength": "336",
            "PlanetTemporaryFriendList": [
              "Moon",
              "Saturn",
              "Mercury",
              "Jupiter"
            ],
            "PlanetTribhagaBala": "0",
            "PlanetTrimshamshaD30Sign": {
              "Name": "Gemini",
              "DegreesIn": {
                "DegreeMinuteSecond": "6° 41' 0",
                "TotalDegrees": "6.683333333333334"
              }
            },
            "PlanetVaraBala": "45",
            "PlanetVimshamshaD20Sign": {
              "Name": "Pisces",
              "DegreesIn": {
                "DegreeMinuteSecond": "14° 27' 19",
                "TotalDegrees": "14.455277777777777"
              }
            },
            "PlanetZodiacSignBasedOnHouseLongitudes": {
              "Name": "Virgo",
              "DegreesIn": {
                "DegreeMinuteSecond": "6° 23' 9",
                "TotalDegrees": "6.385833333333333"
              }
            },
            "ResidentialStrength": "0",
            "SignsPlanetIsAspecting": "Pisces",
            "SwissEphemeris": "{ Longitude = 185.12808827738726, Latitude = 1.2415133544471824, DistanceAU = 1.6974841740082416, SpeedLongitude = 0, SpeedLatitude = 0, SpeedDistance = 0 }"
          }
        },
        {
          "Saturn": {
            "BouncBackInputPlanet": "Saturn",
            "GetAllMaleficPlanetsAspecting": [],
            "HousePlanetOccupiesBasedOnLongitudes": "House12",
            "HousePlanetOccupiesBasedOnSign": "House12",
            "HousesInAspect": "House2, House6, House9",
            "HousesOwnedByPlanet": "House7, House8",
            "IsPlanetAspectedByBeneficPlanets": "False",
            "IsPlanetAspectedByEnemyPlanets": "False",
            "IsPlanetAspectedByFriendPlanets": "False",
            "IsPlanetAspectedByMaleficPlanets": "False",
            "IsPlanetBenefic": "False",
            "IsPlanetBeneficToLagna": "False",
            "IsPlanetCombust": "False",
            "IsPlanetConjunctWithBeneficPlanets": "False",
            "IsPlanetConjunctWithEnemyPlanets": "True",
            "IsPlanetConjunctWithFriendPlanets": "False",
            "IsPlanetConjunctWithMaleficPlanets": "True",
            "IsPlanetDebilitated": "False",
            "IsPlanetExaltedDegree": "False",
            "IsPlanetExaltedSign": "False",
            "IsPlanetInEnemyHouse": "False",
            "IsPlanetInEnemySign": "False",
            "IsPlanetInFriendHouse": "True",
            "IsPlanetInFriendSign": "True",
            "IsPlanetInGarvitaAvasta": "False",
            "IsPlanetInKendra": "False",
            "IsPlanetInKshobhitaAvasta": "False",
            "IsPlanetInKshuditaAvasta": "True",
            "IsPlanetInLajjitaAvasta": "False",
            "IsPlanetInMoolatrikona": "False",
            "IsPlanetInMuditaAvasta": "True",
            "IsPlanetInOwnHouse": "False",
            "IsPlanetInOwnSign": "False",
            "IsPlanetInTrashitaAvasta": "False",
            "IsPlanetInTrikona": "False",
            "IsPlanetInUpachaya": "False",
            "IsPlanetInWaterySign": "False",
            "IsPlanetMalefic": "True",
            "IsPlanetMaleficToLagna": "True",
            "IsPlanetMarakaToLagna": "False",
            "IsPlanetRetrograde": "False",
            "IsPlanetStrongInShadbala": "True",
            "IsPlanetYogakarakaToLagna": "False",
            "PlanetAbdaBala": "0",
            "PlanetAkshavedamshaD45Sign": {
              "Name": "Pisces",
              "DegreesIn": {
                "DegreeMinuteSecond": "6° 45' 44",
                "TotalDegrees": "6.762222222222222"
              }
            },
            "PlanetAvasta": "KshuditaStarved, MuditaDelighted",
            "PlanetAyanaBala": "2.270978629351088",
            "PlanetBhamshaD27Sign": {
              "Name": "Aquarius",
              "DegreesIn": {
                "DegreeMinuteSecond": "10° 3' 27",
                "TotalDegrees": "10.0575"
              }
            },
            "PlanetChaturthamshaD4Sign": {
              "Name": "Sagittarius",
              "DegreesIn": {
                "DegreeMinuteSecond": "12° 36' 3",
                "TotalDegrees": "12.600833333333334"
              }
            },
            "PlanetChaturvimshamshaD24Sign": {
              "Name": "Libra",
              "DegreesIn": {
                "DegreeMinuteSecond": "15° 36' 24",
                "TotalDegrees": "15.606666666666667"
              }
            },
            "PlanetConstellation": "Aridra - 4",
            "PlanetDasaNature": "Good",
            "PlanetDashamamshaD10Sign": {
              "Name": "Sagittarius",
              "DegreesIn": {
                "DegreeMinuteSecond": "1° 30' 9",
                "TotalDegrees": "1.5025"
              }
            },
            "PlanetDeclination": "22.18321709651913",
            "PlanetDigBala": "5.936759259259259",
            "PlanetDrekkanaBala": "15",
            "PlanetDrekkanaD3Sign": {
              "Name": "Libra",
              "DegreesIn": {
                "DegreeMinuteSecond": "24° 27' 3",
                "TotalDegrees": "24.450833333333332"
              }
            },
            "PlanetDrikBala": "-3.5002777777777823",
            "PlanetDwadashamshaD12Sign": {
              "Name": "Capricorn",
              "DegreesIn": {
                "DegreeMinuteSecond": "7° 48' 12",
                "TotalDegrees": "7.803333333333334"
              }
            },
            "PlanetDwadashamshaSignOLD": "Capricorn",
            "PlanetEphemerisLongitude": {
              "DegreeMinuteSecond": "102° 3' 20",
              "TotalDegrees": "102.05555555555556"
            },
            "PlanetHoraBala": "0",
            "PlanetHoraD2Signs": {
              "Name": "Libra",
              "DegreesIn": {
                "DegreeMinuteSecond": "24° 27' 3",
                "TotalDegrees": "24.450833333333332"
              }
            },
            "PlanetIshtaKashtaScoreDegree": "-2.781",
            "PlanetIshtaScore": "24.19261715664663",
            "PlanetKalaBala": "115.3744971478696",
            "PlanetKashtaScore": "34.79334153371097",
            "PlanetKendraBala": "15",
            "PlanetKhavedamshaD40Sign": {
              "Name": "Aries",
              "DegreesIn": {
                "DegreeMinuteSecond": "6° 0' 39",
                "TotalDegrees": "6.010833333333333"
              }
            },
            "PlanetLordOfConstellation": {
              "Name": "Rahu"
            },
            "PlanetLordOfZodiacSign": {
              "Name": "Mercury"
            },
            "PlanetMasaBala": "30",
            "PlanetMotionName": "Direct",
            "PlanetNaisargikaBala": "8.57",
            "PlanetNathonnathaBala": "49.4",
            "PlanetNatureScore": "-1",
            "PlanetNavamshaD9Sign": {
              "Name": "Pisces",
              "DegreesIn": {
                "DegreeMinuteSecond": "13° 21' 8",
                "TotalDegrees": "13.352222222222222"
              }
            },
            "PlanetNirayanaLongitude": {
              "DegreeMinuteSecond": "78° 9' 1",
              "TotalDegrees": "78.15027777777777"
            },
            "PlanetOchchaBala": "19.383425925925927",
            "PlanetOjayugmarasyamsaBala": "15",
            "PlanetOwnAshtakvargaBindu": "4",
            "PlanetPakshaBala": "33.70351851851852",
            "PlanetPowerPercentage": "39.61996421741007",
            "PlanetRasiD1Sign": {
              "Name": "Gemini",
              "DegreesIn": {
                "DegreeMinuteSecond": "18° 9' 1",
                "TotalDegrees": "18.150277777777777"
              }
            },
            "PlanetSaptamshaD7Sign": {
              "Name": "Libra",
              "DegreesIn": {
                "DegreeMinuteSecond": "7° 3' 7",
                "TotalDegrees": "7.051944444444445"
              }
            },
            "PlanetSaptamshaSignOLD": "Libra",
            "PlanetSaptavargajaBala": "157.5",
            "PlanetsAspectingPlanet": [],
            "PlanetSayanaLatitude": {
              "DegreeMinuteSecond": "0° 44' 25",
              "TotalDegrees": "-0.7402777777777778"
            },
            "PlanetSayanaLongitude": {
              "DegreeMinuteSecond": "102° 3' 20",
              "TotalDegrees": "102.05555555555556"
            },
            "PlanetShadbalaPinda": "378.46",
            "PlanetShashtyamshaD60Sign": {
              "Name": "Gemini",
              "DegreesIn": {
                "DegreeMinuteSecond": "9° 0' 59",
                "TotalDegrees": "9.016388888888889"
              }
            },
            "PlanetShodashamshaD16Sign": {
              "Name": "Virgo",
              "DegreesIn": {
                "DegreeMinuteSecond": "20° 24' 15",
                "TotalDegrees": "20.404166666666665"
              }
            },
            "PlanetsInAspect": [
              "Mercury",
              "Jupiter"
            ],
            "PlanetsInConjunction": [
              "Moon"
            ],
            "PlanetSpeed": "0.06333202902432204",
            "PlanetSthanaBala": "221.88342592592593",
            "PlanetStrength": "378.46",
            "PlanetTemporaryFriendList": [
              "Mercury",
              "Jupiter",
              "Sun",
              "Venus"
            ],
            "PlanetTribhagaBala": "0",
            "PlanetTrimshamshaD30Sign": {
              "Name": "Gemini",
              "DegreesIn": {
                "DegreeMinuteSecond": "4° 30' 29",
                "TotalDegrees": "4.508055555555556"
              }
            },
            "PlanetVaraBala": "0",
            "PlanetVimshamshaD20Sign": {
              "Name": "Leo",
              "DegreesIn": {
                "DegreeMinuteSecond": "3° 0' 19",
                "TotalDegrees": "3.0052777777777777"
              }
            },
            "PlanetZodiacSignBasedOnHouseLongitudes": {
              "Name": "Gemini",
              "DegreesIn": {
                "DegreeMinuteSecond": "6° 10' 22",
                "TotalDegrees": "6.172777777777778"
              }
            },
            "ResidentialStrength": "0",
            "SignsPlanetIsAspecting": "Leo, Pisces, Sagittarius",
            "SwissEphemeris": "{ Longitude = 102.05570726128157, Latitude = -0.740420310351853, DistanceAU = 9.249832526279361, SpeedLongitude = 0, SpeedLatitude = 0, SpeedDistance = 0 }"
          }
        },
        {
          "Rahu": {
            "BouncBackInputPlanet": "Rahu",
            "GetAllMaleficPlanetsAspecting": [
              "Ketu"
            ],
            "HousePlanetOccupiesBasedOnLongitudes": "House11",
            "HousePlanetOccupiesBasedOnSign": "House10",
            "HousesInAspect": "House4",
            "HousesOwnedByPlanet": "",
            "IsPlanetAspectedByBeneficPlanets": "True",
            "IsPlanetAspectedByEnemyPlanets": "False",
            "IsPlanetAspectedByFriendPlanets": "False",
            "IsPlanetAspectedByMaleficPlanets": "True",
            "IsPlanetBenefic": "False",
            "IsPlanetBeneficToLagna": "False",
            "IsPlanetCombust": "False",
            "IsPlanetConjunctWithBeneficPlanets": "False",
            "IsPlanetConjunctWithEnemyPlanets": "False",
            "IsPlanetConjunctWithFriendPlanets": "False",
            "IsPlanetConjunctWithMaleficPlanets": "False",
            "IsPlanetDebilitated": "False",
            "IsPlanetExaltedDegree": "False",
            "IsPlanetExaltedSign": "False",
            "IsPlanetInEnemyHouse": "False",
            "IsPlanetInEnemySign": "False",
            "IsPlanetInFriendHouse": "False",
            "IsPlanetInFriendSign": "False",
            "IsPlanetInGarvitaAvasta": "False",
            "IsPlanetInKendra": "True",
            "IsPlanetInKshobhitaAvasta": "False",
            "IsPlanetInKshuditaAvasta": "False",
            "IsPlanetInLajjitaAvasta": "False",
            "IsPlanetInMoolatrikona": "False",
            "IsPlanetInMuditaAvasta": "False",
            "IsPlanetInOwnHouse": "False",
            "IsPlanetInOwnSign": "False",
            "IsPlanetInTrashitaAvasta": "False",
            "IsPlanetInTrikona": "False",
            "IsPlanetInUpachaya": "True",
            "IsPlanetInWaterySign": "False",
            "IsPlanetMalefic": "True",
            "IsPlanetMaleficToLagna": "False",
            "IsPlanetMarakaToLagna": "False",
            "IsPlanetRetrograde": "False",
            "IsPlanetStrongInShadbala": "True",
            "IsPlanetYogakarakaToLagna": "False",
            "PlanetAbdaBala": "0",
            "PlanetAkshavedamshaD45Sign": {
              "Name": "Scorpio",
              "DegreesIn": {
                "DegreeMinuteSecond": "26° 46' 30",
                "TotalDegrees": "26.775"
              }
            },
            "PlanetAvasta": "",
            "PlanetAyanaBala": "0",
            "PlanetBhamshaD27Sign": {
              "Name": "Gemini",
              "DegreesIn": {
                "DegreeMinuteSecond": "10° 3' 54",
                "TotalDegrees": "10.065"
              }
            },
            "PlanetChaturthamshaD4Sign": {
              "Name": "Capricorn",
              "DegreesIn": {
                "DegreeMinuteSecond": "27° 2' 48",
                "TotalDegrees": "27.046666666666667"
              }
            },
            "PlanetChaturvimshamshaD24Sign": {
              "Name": "Cancer",
              "DegreesIn": {
                "DegreeMinuteSecond": "12° 16' 47",
                "TotalDegrees": "12.279722222222222"
              }
            },
            "PlanetConstellation": "Krithika - 1",
            "PlanetDasaNature": "Neutral",
            "PlanetDashamamshaD10Sign": {
              "Name": "Capricorn",
              "DegreesIn": {
                "DegreeMinuteSecond": "22° 37' 0",
                "TotalDegrees": "22.616666666666667"
              }
            },
            "PlanetDeclination": "18.761408873820237",
            "PlanetDigBala": "0",
            "PlanetDrekkanaBala": "0",
            "PlanetDrekkanaD3Sign": {
              "Name": "Sagittarius",
              "DegreesIn": {
                "DegreeMinuteSecond": "27° 47' 5",
                "TotalDegrees": "27.78472222222222"
              }
            },
            "PlanetDrikBala": "0",
            "PlanetDwadashamshaD12Sign": {
              "Name": "Pisces",
              "DegreesIn": {
                "DegreeMinuteSecond": "21° 8' 23",
                "TotalDegrees": "21.139722222222222"
              }
            },
            "PlanetDwadashamshaSignOLD": "Pisces",
            "PlanetEphemerisLongitude": {
              "DegreeMinuteSecond": "53° 10' 1",
              "TotalDegrees": "53.16694444444445"
            },
            "PlanetHoraBala": "0",
            "PlanetHoraD2Signs": {
              "Name": "Sagittarius",
              "DegreesIn": {
                "DegreeMinuteSecond": "27° 47' 5",
                "TotalDegrees": "27.78472222222222"
              }
            },
            "PlanetIshtaKashtaScoreDegree": "0",
            "PlanetIshtaScore": "0",
            "PlanetKalaBala": "0",
            "PlanetKashtaScore": "20.36582104081903",
            "PlanetKendraBala": "60",
            "PlanetKhavedamshaD40Sign": {
              "Name": "Cancer",
              "DegreesIn": {
                "DegreeMinuteSecond": "0° 28' 0",
                "TotalDegrees": "0.4666666666666667"
              }
            },
            "PlanetLordOfConstellation": {
              "Name": "Sun"
            },
            "PlanetLordOfZodiacSign": {
              "Name": "Mars"
            },
            "PlanetMasaBala": "0",
            "PlanetMotionName": "Direct",
            "PlanetNaisargikaBala": "0",
            "PlanetNathonnathaBala": "0",
            "PlanetNatureScore": "-1",
            "PlanetNavamshaD9Sign": {
              "Name": "Sagittarius",
              "DegreesIn": {
                "DegreeMinuteSecond": "23° 21' 18",
                "TotalDegrees": "23.355"
              }
            },
            "PlanetNirayanaLongitude": {
              "DegreeMinuteSecond": "29° 15' 42",
              "TotalDegrees": "29.261666666666667"
            },
            "PlanetOchchaBala": "53.087222222222216",
            "PlanetOjayugmarasyamsaBala": "0",
            "PlanetOwnAshtakvargaBindu": "0",
            "PlanetPakshaBala": "33.70351851851852",
            "PlanetPowerPercentage": "56.431612067369976",
            "PlanetRasiD1Sign": {
              "Name": "Aries",
              "DegreesIn": {
                "DegreeMinuteSecond": "29° 15' 42",
                "TotalDegrees": "29.261666666666667"
              }
            },
            "PlanetSaptamshaD7Sign": {
              "Name": "Libra",
              "DegreesIn": {
                "DegreeMinuteSecond": "24° 49' 54",
                "TotalDegrees": "24.831666666666667"
              }
            },
            "PlanetSaptamshaSignOLD": "Libra",
            "PlanetSaptavargajaBala": "0",
            "PlanetsAspectingPlanet": [
              "Jupiter",
              "Ketu"
            ],
            "PlanetSayanaLatitude": {
              "DegreeMinuteSecond": "0° 0' 0",
              "TotalDegrees": "0"
            },
            "PlanetSayanaLongitude": {
              "DegreeMinuteSecond": "53° 10' 1",
              "TotalDegrees": "53.16694444444445"
            },
            "PlanetShadbalaPinda": "405.71",
            "PlanetShashtyamshaD60Sign": {
              "Name": "Aquarius",
              "DegreesIn": {
                "DegreeMinuteSecond": "15° 42' 0",
                "TotalDegrees": "15.7"
              }
            },
            "PlanetShodashamshaD16Sign": {
              "Name": "Cancer",
              "DegreesIn": {
                "DegreeMinuteSecond": "18° 11' 12",
                "TotalDegrees": "18.186666666666667"
              }
            },
            "PlanetsInAspect": [
              "Ketu"
            ],
            "PlanetsInConjunction": [],
            "PlanetSpeed": "-0.0529377153450441",
            "PlanetSthanaBala": "0",
            "PlanetStrength": "405.71",
            "PlanetTemporaryFriendList": [
              "Moon",
              "Saturn",
              "Mars"
            ],
            "PlanetTribhagaBala": "0",
            "PlanetTrimshamshaD30Sign": {
              "Name": "Taurus",
              "DegreesIn": {
                "DegreeMinuteSecond": "7° 51' 0",
                "TotalDegrees": "7.85"
              }
            },
            "PlanetVaraBala": "0",
            "PlanetVimshamshaD20Sign": {
              "Name": "Scorpio",
              "DegreesIn": {
                "DegreeMinuteSecond": "15° 14' 0",
                "TotalDegrees": "15.233333333333333"
              }
            },
            "PlanetZodiacSignBasedOnHouseLongitudes": {
              "Name": "Taurus",
              "DegreesIn": {
                "DegreeMinuteSecond": "6° 23' 9",
                "TotalDegrees": "6.385833333333333"
              }
            },
            "ResidentialStrength": "0",
            "SignsPlanetIsAspecting": "Libra",
            "SwissEphemeris": "{ Longitude = 53.16703599165623, Latitude = 0, DistanceAU = 0.0025695552897999903, SpeedLongitude = 0, SpeedLatitude = 0, SpeedDistance = 0 }"
          }
        },
        {
          "Ketu": {
            "BouncBackInputPlanet": "Ketu",
            "GetAllMaleficPlanetsAspecting": [
              "Rahu"
            ],
            "HousePlanetOccupiesBasedOnLongitudes": "House5",
            "HousePlanetOccupiesBasedOnSign": "House4",
            "HousesInAspect": "House10",
            "HousesOwnedByPlanet": "",
            "IsPlanetAspectedByBeneficPlanets": "False",
            "IsPlanetAspectedByEnemyPlanets": "False",
            "IsPlanetAspectedByFriendPlanets": "False",
            "IsPlanetAspectedByMaleficPlanets": "True",
            "IsPlanetBenefic": "False",
            "IsPlanetBeneficToLagna": "False",
            "IsPlanetCombust": "False",
            "IsPlanetConjunctWithBeneficPlanets": "False",
            "IsPlanetConjunctWithEnemyPlanets": "False",
            "IsPlanetConjunctWithFriendPlanets": "False",
            "IsPlanetConjunctWithMaleficPlanets": "False",
            "IsPlanetDebilitated": "False",
            "IsPlanetExaltedDegree": "False",
            "IsPlanetExaltedSign": "False",
            "IsPlanetInEnemyHouse": "False",
            "IsPlanetInEnemySign": "False",
            "IsPlanetInFriendHouse": "False",
            "IsPlanetInFriendSign": "False",
            "IsPlanetInGarvitaAvasta": "False",
            "IsPlanetInKendra": "True",
            "IsPlanetInKshobhitaAvasta": "False",
            "IsPlanetInKshuditaAvasta": "False",
            "IsPlanetInLajjitaAvasta": "False",
            "IsPlanetInMoolatrikona": "False",
            "IsPlanetInMuditaAvasta": "False",
            "IsPlanetInOwnHouse": "False",
            "IsPlanetInOwnSign": "False",
            "IsPlanetInTrashitaAvasta": "False",
            "IsPlanetInTrikona": "False",
            "IsPlanetInUpachaya": "False",
            "IsPlanetInWaterySign": "False",
            "IsPlanetMalefic": "True",
            "IsPlanetMaleficToLagna": "False",
            "IsPlanetMarakaToLagna": "False",
            "IsPlanetRetrograde": "False",
            "IsPlanetStrongInShadbala": "True",
            "IsPlanetYogakarakaToLagna": "False",
            "PlanetAbdaBala": "0",
            "PlanetAkshavedamshaD45Sign": {
              "Name": "Scorpio",
              "DegreesIn": {
                "DegreeMinuteSecond": "26° 46' 30",
                "TotalDegrees": "26.775"
              }
            },
            "PlanetAvasta": "",
            "PlanetAyanaBala": "0",
            "PlanetBhamshaD27Sign": {
              "Name": "Sagittarius",
              "DegreesIn": {
                "DegreeMinuteSecond": "10° 3' 54",
                "TotalDegrees": "10.065"
              }
            },
            "PlanetChaturthamshaD4Sign": {
              "Name": "Cancer",
              "DegreesIn": {
                "DegreeMinuteSecond": "27° 2' 48",
                "TotalDegrees": "27.046666666666667"
              }
            },
            "PlanetChaturvimshamshaD24Sign": {
              "Name": "Cancer",
              "DegreesIn": {
                "DegreeMinuteSecond": "12° 16' 47",
                "TotalDegrees": "12.279722222222222"
              }
            },
            "PlanetConstellation": "Vishhaka - 3",
            "PlanetDasaNature": "Neutral",
            "PlanetDashamamshaD10Sign": {
              "Name": "Cancer",
              "DegreesIn": {
                "DegreeMinuteSecond": "22° 37' 0",
                "TotalDegrees": "22.616666666666667"
              }
            },
            "PlanetDeclination": "-18.76140887382024",
            "PlanetDigBala": "0",
            "PlanetDrekkanaBala": "0",
            "PlanetDrekkanaD3Sign": {
              "Name": "Gemini",
              "DegreesIn": {
                "DegreeMinuteSecond": "27° 47' 5",
                "TotalDegrees": "27.78472222222222"
              }
            },
            "PlanetDrikBala": "0",
            "PlanetDwadashamshaD12Sign": {
              "Name": "Virgo",
              "DegreesIn": {
                "DegreeMinuteSecond": "21° 8' 23",
                "TotalDegrees": "21.139722222222222"
              }
            },
            "PlanetDwadashamshaSignOLD": "Virgo",
            "PlanetEphemerisLongitude": {
              "DegreeMinuteSecond": "233° 10' 1",
              "TotalDegrees": "233.16694444444445"
            },
            "PlanetHoraBala": "0",
            "PlanetHoraD2Signs": {
              "Name": "Gemini",
              "DegreesIn": {
                "DegreeMinuteSecond": "27° 47' 5",
                "TotalDegrees": "27.78472222222222"
              }
            },
            "PlanetIshtaKashtaScoreDegree": "0",
            "PlanetIshtaScore": "0",
            "PlanetKalaBala": "0",
            "PlanetKashtaScore": "20.36582104081903",
            "PlanetKendraBala": "60",
            "PlanetKhavedamshaD40Sign": {
              "Name": "Cancer",
              "DegreesIn": {
                "DegreeMinuteSecond": "0° 28' 0",
                "TotalDegrees": "0.4666666666666667"
              }
            },
            "PlanetLordOfConstellation": {
              "Name": "Jupiter"
            },
            "PlanetLordOfZodiacSign": {
              "Name": "Venus"
            },
            "PlanetMasaBala": "0",
            "PlanetMotionName": "Direct",
            "PlanetNaisargikaBala": "0",
            "PlanetNathonnathaBala": "0",
            "PlanetNatureScore": "-2",
            "PlanetNavamshaD9Sign": {
              "Name": "Gemini",
              "DegreesIn": {
                "DegreeMinuteSecond": "23° 21' 18",
                "TotalDegrees": "23.355"
              }
            },
            "PlanetNirayanaLongitude": {
              "DegreeMinuteSecond": "209° 15' 42",
              "TotalDegrees": "209.26166666666666"
            },
            "PlanetOchchaBala": "53.087222222222216",
            "PlanetOjayugmarasyamsaBala": "0",
            "PlanetOwnAshtakvargaBindu": "0",
            "PlanetPakshaBala": "33.70351851851852",
            "PlanetPowerPercentage": "13.424640631747792",
            "PlanetRasiD1Sign": {
              "Name": "Libra",
              "DegreesIn": {
                "DegreeMinuteSecond": "29° 15' 42",
                "TotalDegrees": "29.261666666666667"
              }
            },
            "PlanetSaptamshaD7Sign": {
              "Name": "Aries",
              "DegreesIn": {
                "DegreeMinuteSecond": "24° 49' 54",
                "TotalDegrees": "24.831666666666667"
              }
            },
            "PlanetSaptamshaSignOLD": "Aries",
            "PlanetSaptavargajaBala": "0",
            "PlanetsAspectingPlanet": [
              "Rahu"
            ],
            "PlanetSayanaLatitude": {
              "DegreeMinuteSecond": "0° 0' 0",
              "TotalDegrees": "0"
            },
            "PlanetSayanaLongitude": {
              "DegreeMinuteSecond": "233° 10' 1",
              "TotalDegrees": "233.16694444444445"
            },
            "PlanetShadbalaPinda": "336",
            "PlanetShashtyamshaD60Sign": {
              "Name": "Leo",
              "DegreesIn": {
                "DegreeMinuteSecond": "15° 42' 0",
                "TotalDegrees": "15.7"
              }
            },
            "PlanetShodashamshaD16Sign": {
              "Name": "Cancer",
              "DegreesIn": {
                "DegreeMinuteSecond": "18° 11' 12",
                "TotalDegrees": "18.186666666666667"
              }
            },
            "PlanetsInAspect": [
              "Rahu"
            ],
            "PlanetsInConjunction": [],
            "PlanetSpeed": "-0.0529377153450441",
            "PlanetSthanaBala": "0",
            "PlanetStrength": "336",
            "PlanetTemporaryFriendList": [
              "Mercury",
              "Jupiter",
              "Sun",
              "Venus"
            ],
            "PlanetTribhagaBala": "0",
            "PlanetTrimshamshaD30Sign": {
              "Name": "Taurus",
              "DegreesIn": {
                "DegreeMinuteSecond": "7° 51' 0",
                "TotalDegrees": "7.85"
              }
            },
            "PlanetVaraBala": "0",
            "PlanetVimshamshaD20Sign": {
              "Name": "Scorpio",
              "DegreesIn": {
                "DegreeMinuteSecond": "15° 14' 0",
                "TotalDegrees": "15.233333333333333"
              }
            },
            "PlanetZodiacSignBasedOnHouseLongitudes": {
              "Name": "Scorpio",
              "DegreesIn": {
                "DegreeMinuteSecond": "6° 23' 9",
                "TotalDegrees": "6.385833333333333"
              }
            },
            "ResidentialStrength": "0",
            "SignsPlanetIsAspecting": "Aries",
            "SwissEphemeris": "{ Longitude = 53.16703599165623, Latitude = 0, DistanceAU = 0.0025695552897999903, SpeedLongitude = 0, SpeedLatitude = 0, SpeedDistance = 0 }"
          }
        }
      ]
    }
  },
  "AllPlanetOrderedByStrength": {
    "Status": "Pass",
    "Payload": {
      "AllPlanetOrderedByStrength": [
        "Jupiter",
        "Mercury",
        "Mars",
        "Rahu",
        "Saturn",
        "Moon",
        "Venus",
        "Ketu",
        "Sun"
      ]
    }
  },
  "PlanetStrength": {
    "Status": "Pass",
    "Payload": {
      "PlanetStrength": [
        {
          "Sun": "314.24"
        },
        {
          "Moon": "340.86"
        },
        {
          "Mars": "405.71"
        },
        {
          "Mercury": "408.94"
        },
        {
          "Jupiter": "476.33"
        },
        {
          "Venus": "336"
        },
        {
          "Saturn": "378.46"
        },
        {
          "Rahu": "405.71"
        },
        {
          "Ketu": "336"
        }
      ]
    }
  },
  "PlanetNatureScore": {
    "Status": "Pass",
    "Payload": {
      "PlanetNatureScore": "-3"
    }
  },
  "SkyChartGIF": {
    "image_saved": "sky_chart_Trần_Minh_Mẫn.gif"
  }
}