{
  "person_a": {
    "name": "trần minh a",
    "all_planet_data": {
      "Status": "Pass",
      "Payload": {
        "AllPlanetData": {
          "BouncBackInputPlanet": "Moon",
          "GetAllMaleficPlanetsAspecting": [],
          "HousePlanetOccupiesBasedOnLongitudes": "House7",
          "HousePlanetOccupiesBasedOnSign": "House7",
          "HousesInAspect": "House1",
          "HousesOwnedByPlanet": "",
          "IsPlanetAspectedByBeneficPlanets": "False",
          "IsPlanetAspectedByEnemyPlanets": "False",
          "IsPlanetAspectedByFriendPlanets": "False",
          "IsPlanetAspectedByMaleficPlanets": "False",
          "IsPlanetBenefic": "False",
          "IsPlanetBeneficToLagna": "False",
          "IsPlanetCombust": "False",
          "IsPlanetConjunctWithBeneficPlanets": "False",
          "IsPlanetConjunctWithEnemyPlanets": "True",
          "IsPlanetConjunctWithFriendPlanets": "False",
          "IsPlanetConjunctWithMaleficPlanets": "True",
          "IsPlanetDebilitated": "False",
          "IsPlanetExaltedDegree": "False",
          "IsPlanetExaltedSign": "False",
          "IsPlanetInEnemyHouse": "False",
          "IsPlanetInEnemySign": "False",
          "IsPlanetInFriendHouse": "True",
          "IsPlanetInFriendSign": "True",
          "IsPlanetInGarvitaAvasta": "False",
          "IsPlanetInKendra": "True",
          "IsPlanetInKshobhitaAvasta": "False",
          "IsPlanetInKshuditaAvasta": "True",
          "IsPlanetInLajjitaAvasta": "False",
          "IsPlanetInMoolatrikona": "False",
          "IsPlanetInMuditaAvasta": "True",
          "IsPlanetInOwnHouse": "False",
          "IsPlanetInOwnSign": "False",
          "IsPlanetInTrashitaAvasta": "False",
          "IsPlanetInTrikona": "False",
          "IsPlanetInUpachaya": "False",
          "IsPlanetInWaterySign": "False",
          "IsPlanetMalefic": "True",
          "IsPlanetMaleficToLagna": "False",
          "IsPlanetMarakaToLagna": "False",
          "IsPlanetRetrograde": "False",
          "IsPlanetStrongInShadbala": "False",
          "IsPlanetYogakarakaToLagna": "False",
          "PlanetAbdaBala": "0",
          "PlanetAkshavedamshaD45Sign": {
            "Name": "Taurus",
            "DegreesIn": {
              "DegreeMinuteSecond": "20° 12' 44",
              "TotalDegrees": "20.212222222222223"
            }
          },
          "PlanetAvasta": "KshuditaStarved, MuditaDelighted",
          "PlanetAyanaBala": "-3.49034088590618",
          "PlanetBhamshaD27Sign": {
            "Name": "Pisces",
            "DegreesIn": {
              "DegreeMinuteSecond": "24° 7' 38",
              "TotalDegrees": "24.127222222222223"
            }
          },
          "PlanetChaturthamshaD4Sign": {
            "Name": "Sagittarius",
            "DegreesIn": {
              "DegreeMinuteSecond": "19° 7' 47",
              "TotalDegrees": "19.129722222222224"
            }
          },
          "PlanetChaturvimshamshaD24Sign": {
            "Name": "Scorpio",
            "DegreesIn": {
              "DegreeMinuteSecond": "24° 46' 47",
              "TotalDegrees": "24.779722222222222"
            }
          },
          "PlanetConstellation": "Aridra - 4",
          "PlanetDasaNature": "Good",
          "PlanetDashamamshaD10Sign": {
            "Name": "Sagittarius",
            "DegreesIn": {
              "DegreeMinuteSecond": "17° 49' 29",
              "TotalDegrees": "17.82472222222222"
            }
          },
          "PlanetDeclination": "26.792272708724944",
          "PlanetDigBala": "35.77722222222222",
          "PlanetDrekkanaBala": "0",
          "PlanetDrekkanaD3Sign": {
            "Name": "Libra",
            "DegreesIn": {
              "DegreeMinuteSecond": "29° 20' 50",
              "TotalDegrees": "29.34722222222222"
            }
          },
          "PlanetDrikBala": "-3.0854861111111163",
          "PlanetDwadashamshaD12Sign": {
            "Name": "Capricorn",
            "DegreesIn": {
              "DegreeMinuteSecond": "27° 23' 23",
              "TotalDegrees": "27.389722222222222"
            }
          },
          "PlanetDwadashamshaSignOLD": "Capricorn",
          "PlanetEphemerisLongitude": {
            "DegreeMinuteSecond": "103° 41' 15",
            "TotalDegrees": "103.6875"
          },
          "PlanetHoraBala": "0",
          "PlanetHoraD2Signs": {
            "Name": "Libra",
            "DegreesIn": {
              "DegreeMinuteSecond": "29° 20' 50",
              "TotalDegrees": "29.34722222222222"
            }
          },
          "PlanetIshtaKashtaScoreDegree": "1.013",
          "PlanetIshtaScore": "32.54916239132035",
          "PlanetKalaBala": "78.30901096594566",
          "PlanetKashtaScore": "24.302678753560592",
          "PlanetKendraBala": "15",
          "PlanetKhavedamshaD40Sign": {
            "Name": "Gemini",
            "DegreesIn": {
              "DegreeMinuteSecond": "11° 17' 59",
              "TotalDegrees": "11.299722222222222"
            }
          },
          "PlanetLordOfConstellation": {
            "Name": "Rahu"
          },
          "PlanetLordOfZodiacSign": {
            "Name": "Mercury"
          },
          "PlanetMasaBala": "0",
          "PlanetMotionName": "Direct",
          "PlanetNaisargikaBala": "51.43",
          "PlanetNathonnathaBala": "10.615277777777777",
          "PlanetNatureScore": "-2",
          "PlanetNavamshaD9Sign": {
            "Name": "Pisces",
            "DegreesIn": {
              "DegreeMinuteSecond": "28° 2' 32",
              "TotalDegrees": "28.04222222222222"
            }
          },
          "PlanetNirayanaLongitude": {
            "DegreeMinuteSecond": "79° 46' 57",
            "TotalDegrees": "79.7825"
          },
          "PlanetOchchaBala": "43.405833333333334",
          "PlanetOjayugmarasyamsaBala": "15",
          "PlanetOwnAshtakvargaBindu": "6",
          "PlanetPakshaBala": "71.18407407407406",
          "PlanetPowerPercentage": "23.176540051171028",
          "PlanetRasiD1Sign": {
            "Name": "Gemini",
            "DegreesIn": {
              "DegreeMinuteSecond": "19° 46' 57",
              "TotalDegrees": "19.7825"
            }
          },
          "PlanetSaptamshaD7Sign": {
            "Name": "Libra",
            "DegreesIn": {
              "DegreeMinuteSecond": "18° 28' 38",
              "TotalDegrees": "18.47722222222222"
            }
          },
          "PlanetSaptamshaSignOLD": "Libra",
          "PlanetSaptavargajaBala": "108.75",
          "PlanetsAspectingPlanet": [],
          "PlanetSayanaLatitude": {
            "DegreeMinuteSecond": "4° 1' 3",
            "TotalDegrees": "4.0175"
          },
          "PlanetSayanaLongitude": {
            "DegreeMinuteSecond": "103° 41' 15",
            "TotalDegrees": "103.6875"
          },
          "PlanetShadbalaPinda": "344.59",
          "PlanetShashtyamshaD60Sign": {
            "Name": "Virgo",
            "DegreesIn": {
              "DegreeMinuteSecond": "16° 56' 59",
              "TotalDegrees": "16.94972222222222"
            }
          },
          "PlanetShodashamshaD16Sign": {
            "Name": "Libra",
            "DegreesIn": {
              "DegreeMinuteSecond": "16° 31' 11",
              "TotalDegrees": "16.51972222222222"
            }
          },
          "PlanetsInAspect": [],
          "PlanetsInConjunction": [
            "Saturn"
          ],
          "PlanetSpeed": "12.385272473771506",
          "PlanetSthanaBala": "182.15583333333333",
          "PlanetStrength": "344.59",
          "PlanetTemporaryFriendList": [
            "Mercury",
            "Jupiter",
            "Sun",
            "Venus"
          ],
          "PlanetTribhagaBala": "0",
          "PlanetTrimshamshaD30Sign": {
            "Name": "Gemini",
            "DegreesIn": {
              "DegreeMinuteSecond": "23° 28' 29",
              "TotalDegrees": "23.474722222222223"
            }
          },
          "PlanetVaraBala": "0",
          "PlanetVimshamshaD20Sign": {
            "Name": "Virgo",
            "DegreesIn": {
              "DegreeMinuteSecond": "5° 38' 59",
              "TotalDegrees": "5.6497222222222225"
            }
          },
          "PlanetZodiacSignBasedOnHouseLongitudes": {
            "Name": "Gemini",
            "DegreesIn": {
              "DegreeMinuteSecond": "29° 14' 26",
              "TotalDegrees": "29.240555555555556"
            }
          },
          "ResidentialStrength": "0",
          "SignsPlanetIsAspecting": "Sagittarius",
          "SwissEphemeris": "{ Longitude = 103.68772361758938, Latitude = 4.017651837760829, DistanceAU = 0.0026434363815507015, SpeedLongitude = 0, SpeedLatitude = 0, SpeedDistance = 0 }"
        }
      }
    },
    "moon_constellation": {
      "Status": "Pass",
      "Payload": {
        "MoonConstellation": "Aridra - 4"
      }
    },
    "yoni_kuta": {
      "Status": "Pass",
      "Payload": {
        "YoniKutaAnimal": "Dog - Female"
      }
    }
  },
  "person_b": {
    "name": "bùi thuý b",
    "all_planet_data": {
      "Status": "Pass",
      "Payload": {
        "AllPlanetData": {
          "BouncBackInputPlanet": "Moon",
          "GetAllMaleficPlanetsAspecting": [],
          "HousePlanetOccupiesBasedOnLongitudes": "House8",
          "HousePlanetOccupiesBasedOnSign": "House8",
          "HousesInAspect": "House2",
          "HousesOwnedByPlanet": "House9",
          "IsPlanetAspectedByBeneficPlanets": "False",
          "IsPlanetAspectedByEnemyPlanets": "False",
          "IsPlanetAspectedByFriendPlanets": "False",
          "IsPlanetAspectedByMaleficPlanets": "False",
          "IsPlanetBenefic": "False",
          "IsPlanetBeneficToLagna": "True",
          "IsPlanetCombust": "False",
          "IsPlanetConjunctWithBeneficPlanets": "False",
          "IsPlanetConjunctWithEnemyPlanets": "False",
          "IsPlanetConjunctWithFriendPlanets": "False",
          "IsPlanetConjunctWithMaleficPlanets": "False",
          "IsPlanetDebilitated": "False",
          "IsPlanetExaltedDegree": "False",
          "IsPlanetExaltedSign": "False",
          "IsPlanetInEnemyHouse": "False",
          "IsPlanetInEnemySign": "False",
          "IsPlanetInFriendHouse": "True",
          "IsPlanetInFriendSign": "True",
          "IsPlanetInGarvitaAvasta": "False",
          "IsPlanetInKendra": "False",
          "IsPlanetInKshobhitaAvasta": "False",
          "IsPlanetInKshuditaAvasta": "False",
          "IsPlanetInLajjitaAvasta": "False",
          "IsPlanetInMoolatrikona": "False",
          "IsPlanetInMuditaAvasta": "True",
          "IsPlanetInOwnHouse": "False",
          "IsPlanetInOwnSign": "False",
          "IsPlanetInTrashitaAvasta": "False",
          "IsPlanetInTrikona": "False",
          "IsPlanetInUpachaya": "False",
          "IsPlanetInWaterySign": "False",
          "IsPlanetMalefic": "True",
          "IsPlanetMaleficToLagna": "False",
          "IsPlanetMarakaToLagna": "False",
          "IsPlanetRetrograde": "False",
          "IsPlanetStrongInShadbala": "True",
          "IsPlanetYogakarakaToLagna": "True",
          "PlanetAbdaBala": "15",
          "PlanetAkshavedamshaD45Sign": {
            "Name": "Leo",
            "DegreesIn": {
              "DegreeMinuteSecond": "18° 42' 44",
              "TotalDegrees": "18.712222222222223"
            }
          },
          "PlanetAvasta": "MuditaDelighted",
          "PlanetAyanaBala": "-4.204051459948079",
          "PlanetBhamshaD27Sign": {
            "Name": "Pisces",
            "DegreesIn": {
              "DegreeMinuteSecond": "5° 13' 38",
              "TotalDegrees": "5.227222222222222"
            }
          },
          "PlanetChaturthamshaD4Sign": {
            "Name": "Gemini",
            "DegreesIn": {
              "DegreeMinuteSecond": "22° 59' 48",
              "TotalDegrees": "22.996666666666666"
            }
          },
          "PlanetChaturvimshamshaD24Sign": {
            "Name": "Sagittarius",
            "DegreesIn": {
              "DegreeMinuteSecond": "17° 58' 47",
              "TotalDegrees": "17.97972222222222"
            }
          },
          "PlanetConstellation": "Mrigasira - 4",
          "PlanetDasaNature": "Good",
          "PlanetDashamamshaD10Sign": {
            "Name": "Cancer",
            "DegreesIn": {
              "DegreeMinuteSecond": "27° 29' 30",
              "TotalDegrees": "27.491666666666667"
            }
          },
          "PlanetDeclination": "27.363241167958464",
          "PlanetDigBala": "22.716574074074074",
          "PlanetDrekkanaBala": "0",
          "PlanetDrekkanaD3Sign": {
            "Name": "Gemini",
            "DegreesIn": {
              "DegreeMinuteSecond": "17° 14' 50",
              "TotalDegrees": "17.247222222222224"
            }
          },
          "PlanetDrikBala": "1.9903819444444437",
          "PlanetDwadashamshaD12Sign": {
            "Name": "Leo",
            "DegreesIn": {
              "DegreeMinuteSecond": "8° 59' 23",
              "TotalDegrees": "8.989722222222222"
            }
          },
          "PlanetDwadashamshaSignOLD": "Leo",
          "PlanetEphemerisLongitude": {
            "DegreeMinuteSecond": "89° 40' 2",
            "TotalDegrees": "89.66722222222222"
          },
          "PlanetHoraBala": "0",
          "PlanetHoraD2Signs": {
            "Name": "Gemini",
            "DegreesIn": {
              "DegreeMinuteSecond": "17° 14' 50",
              "TotalDegrees": "17.247222222222224"
            }
          },
          "PlanetIshtaKashtaScoreDegree": "-3.113",
          "PlanetIshtaScore": "19.406530693681827",
          "PlanetKalaBala": "129.96743002153337",
          "PlanetKashtaScore": "24.933067962231593",
          "PlanetKendraBala": "15",
          "PlanetKhavedamshaD40Sign": {
            "Name": "Scorpio",
            "DegreesIn": {
              "DegreeMinuteSecond": "19° 58' 0",
              "TotalDegrees": "19.966666666666665"
            }
          },
          "PlanetLordOfConstellation": {
            "Name": "Mars"
          },
          "PlanetLordOfZodiacSign": {
            "Name": "Mercury"
          },
          "PlanetMasaBala": "0",
          "PlanetMotionName": "Direct",
          "PlanetNaisargikaBala": "51.43",
          "PlanetNathonnathaBala": "14.836111111111109",
          "PlanetNatureScore": "-1",
          "PlanetNavamshaD9Sign": {
            "Name": "Scorpio",
            "DegreesIn": {
              "DegreeMinuteSecond": "21° 44' 33",
              "TotalDegrees": "21.7425"
            }
          },
          "PlanetNirayanaLongitude": {
            "DegreeMinuteSecond": "65° 44' 58",
            "TotalDegrees": "65.74944444444445"
          },
          "PlanetOchchaBala": "48.08342592592592",
          "PlanetOjayugmarasyamsaBala": "15",
          "PlanetOwnAshtakvargaBindu": "2",
          "PlanetPakshaBala": "104.33537037037037",
          "PlanetPowerPercentage": "11.542450733441978",
          "PlanetRasiD1Sign": {
            "Name": "Gemini",
            "DegreesIn": {
              "DegreeMinuteSecond": "5° 44' 57",
              "TotalDegrees": "5.7491666666666665"
            }
          },
          "PlanetSaptamshaD7Sign": {
            "Name": "Cancer",
            "DegreesIn": {
              "DegreeMinuteSecond": "10° 14' 38",
              "TotalDegrees": "10.24388888888889"
            }
          },
          "PlanetSaptamshaSignOLD": "Cancer",
          "PlanetSaptavargajaBala": "123.75",
          "PlanetsAspectingPlanet": [],
          "PlanetSayanaLatitude": {
            "DegreeMinuteSecond": "3° 55' 23",
            "TotalDegrees": "3.9230555555555555"
          },
          "PlanetSayanaLongitude": {
            "DegreeMinuteSecond": "89° 40' 2",
            "TotalDegrees": "89.66722222222222"
          },
          "PlanetShadbalaPinda": "407.94",
          "PlanetShashtyamshaD60Sign": {
            "Name": "Taurus",
            "DegreesIn": {
              "DegreeMinuteSecond": "14° 56' 59",
              "TotalDegrees": "14.949722222222222"
            }
          },
          "PlanetShodashamshaD16Sign": {
            "Name": "Pisces",
            "DegreesIn": {
              "DegreeMinuteSecond": "1° 59' 11",
              "TotalDegrees": "1.986388888888889"
            }
          },
          "PlanetsInAspect": [],
          "PlanetsInConjunction": [],
          "PlanetSpeed": "11.841148067023349",
          "PlanetSthanaBala": "201.83342592592592",
          "PlanetStrength": "407.94",
          "PlanetTemporaryFriendList": [
            "Mars",
            "Mercury",
            "Jupiter",
            "Venus"
          ],
          "PlanetTribhagaBala": "0",
          "PlanetTrimshamshaD30Sign": {
            "Name": "Capricorn",
            "DegreesIn": {
              "DegreeMinuteSecond": "22° 28' 29",
              "TotalDegrees": "22.474722222222223"
            }
          },
          "PlanetVaraBala": "0",
          "PlanetVimshamshaD20Sign": {
            "Name": "Scorpio",
            "DegreesIn": {
              "DegreeMinuteSecond": "24° 59' 0",
              "TotalDegrees": "24.983333333333334"
            }
          },
          "PlanetZodiacSignBasedOnHouseLongitudes": {
            "Name": "Gemini",
            "DegreesIn": {
              "DegreeMinuteSecond": "13° 43' 44",
              "TotalDegrees": "13.72888888888889"
            }
          },
          "ResidentialStrength": "0",
          "SignsPlanetIsAspecting": "Sagittarius",
          "SwissEphemeris": "{ Longitude = 89.66746794866029, Latitude = 3.923058102506589, DistanceAU = 0.002714557222426741, SpeedLongitude = 0, SpeedLatitude = 0, SpeedDistance = 0 }"
        }
      }
    },
    "moon_constellation": {
      "Status": "Pass",
      "Payload": {
        "MoonConstellation": "Mrigasira - 4"
      }
    },
    "yoni_kuta": {
      "Status": "Fail",
      "Payload": "We are happy you're enjoying this easy to use astrology API. But sadly you've hit your free limit. Get⚡unlimited speed starting at only $1/month --> vedastro.org/Unlimited"
    }
  }
}